retrieved||,||target||,||id
根號9[SEP][Pbeg]sqrt[Plbb]9[Prbb] [SEP][Plbb]9[Prbb][Pexp][Plbb]7[Prbb] [SEP][Plbb]9[Prbb][Pexp][Plbb][var1][Prbb] [SEP][Plbb][Pbeg]tan[Plbb]9[Prbb][Prbb][Pexp][Plbb][Pbeg]tan[Plbb][var1][Prbb][Prbb] [SEP][Plbb][var2][Prbb][Pexp][Plbb][Plbb][Pbeg]sqrt[Plbb]9[Prbb][Prbb][Pexp][Plbb][var1][Prbb][Prbb] [SEP]||,||[Pbeg]sqrt[Plbb]9[Prbb] ||,||225
3的6次方的0次方[SEP][Plbb]3[Prbb][Pexp][Plbb][Plbb]6[Prbb][Pexp][Plbb]0[Prbb][Prbb] [SEP][Plbb]3[Pplu][Plsb]6[Pmin][var1][Prsb][Prbb][Pexp][Plbb][var2][Prbb] [SEP][Pbeg]log[Psub][Plbb][var2][Prbb][var1][Pmin][Pbeg]log[Psub][Plbb]6[Prbb][var3] [SEP][Plbb]6[Prbb][Pexp][Plbb][Pbeg]frac[Plbb][Pbeg]frac[Plbb][var1][Prbb][Plbb][var2][Prbb][Prbb][Plbb][Pbeg]pi[Prbb][Prbb] [SEP][Plbb]6[Prbb][Pexp][Plbb][var1][Prbb][Pmin][var2] [SEP]||,||[Plbb]3[Prbb][Pexp][Plbb][Plbb]6[Prbb][Pexp][Plbb]0[Prbb][Prbb] ||,||223
7乘以括號6加[var1][Pspa]分之5[SEP][Plbb][var1][Prbb][Pexp][Plbb][Plbb]6[Prbb][Pexp][Plbb]7[Prbb][Prbb] [SEP][Pbeg]log[Psub][Plbb][var2][Prbb][var1][Pmin][Pbeg]log[Psub][Plbb]6[Prbb][var3] [SEP][Plbb]6[Prbb][Pexp][Plbb][Pbeg]frac[Plbb][Pbeg]frac[Plbb][var1][Prbb][Plbb][var2][Prbb][Prbb][Plbb][Pbeg]pi[Prbb][Prbb] [SEP][Plbb]6[Prbb][Pexp][Plbb][Pbeg]log[Psub][Plbb]6[Prbb][var1][Prbb] [SEP][Pbeg]log[Psub][Plbb]7[Prbb][var1][Pbeg]frac[Plbb][var3][Prbb][Plbb][var2][Prbb] [SEP]||,||[Pbeg]frac[Plbb]5[Prbb][Plbb]7[Plsb]6[Pplu][var1][Prsb][Prbb] ||,||239
4分之5[SEP][Pbeg]frac[Plbb]5[Prbb][Plbb]4[Prbb] [SEP][Pbeg]frac[Plbb]5[Prbb][Plbb]7[Prbb] [SEP][Pbeg]frac[Plbb]5[Pplu][var2][Prbb][Plbb][var1][Prbb] [SEP][Pbeg]frac[Plbb]5[Prbb][Plbb][var1][Prbb] [SEP][Plbb][Pbeg]frac[Plbb]4[Prbb][Plbb][var2][Prbb][Prbb][Pexp][Plbb][var1][Prbb] [SEP]||,||[Pbeg]frac[Plbb]5[Prbb][Plbb]4[Prbb] ||,||245
[var1]乘以4[var2][SEP][Pbeg]log[Psub][Plbb][Pbeg]log[Psub][Plbb]4[Prbb][var2][Prbb][var1] [SEP][Plbb][Pbeg]frac[Plbb]4[Prbb][Plbb][var2][Prbb][Prbb][Pexp][Plbb][var1][Prbb] [SEP][Plbb][var2][Prbb][Pexp][Plbb]4[var1][Prbb] [SEP][var1][Plsb]4[var2][Prsb] [SEP][var2][Pplu][Plbb]4[Pplu][var1][Prbb][Pexp][Plbb]n[Prbb] [SEP]||,||[var1][Plsb]4[var2][Prsb] ||,||246
9減[var2]分之2[var1][SEP][Pbeg]frac[Plbb]2[Pmin][Plsb][var2][Pplu][var1][Prsb][Prbb][Plbb][Plbb]9[Prbb][Pexp][Plbb][var3][Prbb][Prbb] [SEP][Pbeg]frac[Plbb]2[var1][Prbb][Plbb]9[Pmin][var2][Prbb] [SEP][Pbeg]frac[Plbb][var1][Prbb][Plbb][Plbb]9[Prbb][Pexp][Plbb]1[Prbb][Prbb] [SEP]0[Pplu][Plsb][var1][Pbeg]frac[Plbb][Pbeg]log[Psub][Plbb][var4][Prbb][Plbb]9[Prbb][Pexp][Plbb][var2][Prbb][Prbb][Plbb][var3][Prbb][Prsb] [SEP][Plbb][var2][Prbb][Pexp][Plbb][Plbb][Pbeg]sqrt[Plbb]9[Prbb][Prbb][Pexp][Plbb][var1][Prbb][Prbb] [SEP]||,||[Pbeg]frac[Plbb]2[var1][Prbb][Plbb]9[Pmin][var2][Prbb] ||,||247
cos[Pspa][var1][SEP][Pbeg]cos[Plbb][var1][Prbb] [SEP][var1][Pplu][Plsb][Pbeg]cos[Plbb][var2][Prbb][Prsb] [SEP][Pbeg]cos[Plbb][Pbeg]pi[Prbb] [SEP][var2][Pmin][Plsb][Pbeg]cos[Plbb][var1][Prbb][Prsb] [SEP][Pbeg]sqrt[Plbb][Pbeg]cos[Plbb][var1][Prbb][Prbb] [SEP]||,||[Pbeg]cos[Plbb][var1][Prbb] ||,||248
tan[Pspa]wn[Pspa]加根號6[SEP][Pbeg]tan[Plbb][Plsb]wn[Prsb][Pplu][Plsb][Pbeg]sqrt[Plbb]6[Prbb][Prsb][Prbb] [SEP][Pbeg]log[Psub][Plbb][var2][Prbb][var1][Pmin][Pbeg]log[Psub][Plbb]6[Prbb][var3] [SEP][Plbb]6[Prbb][Pexp][Plbb][Pbeg]log[Psub][Plbb]6[Prbb][var1][Prbb] [SEP][Pbeg]cos[Plbb][Plbb][Pbeg]tan[Plbb]6[Prbb][Prbb][Pexp][Plbb][var1][Prbb][Prbb] [SEP][Plbb]6[Prbb][Pexp][Plbb][Pbeg]sin[Plbb][var1][Prbb][Prbb][var2] [SEP]||,||[Pbeg]tan[Plbb][Plsb]wn[Prsb][Pplu][Plsb][Pbeg]sqrt[Plbb]6[Prbb][Prsb][Prbb] ||,||267
log[Pspa]9[Pspa][var2][Pspa]加括號3加[var1][SEP][Pbeg]log[Psub][Plbb][var1][Prbb][Pbeg]frac[Plbb]3[Prbb][Plbb][var2][Prbb] [SEP][Pbeg]log[Psub][Plbb]9[Prbb][var2][Pplu][Plsb]3[Pplu][var1][Prsb] [SEP][Plbb][var2][Prbb][Pexp][Plbb]3[Pmin][Pbeg]log[Psub][Plbb][Pbeg]pi[Prbb][var1][Prbb] [SEP][Pbeg]sqrt[Plbb][Pbeg]log[Psub][Plbb]3[Prbb][var1][Prbb] [SEP][Pbeg]log[Psub][Plbb]3[var1][Prbb][var2] [SEP]||,||[Pbeg]log[Psub][Plbb]9[Prbb][var2][Pplu][Plsb]3[Pplu][var1][Prsb] ||,||268
[var1]以0為底之對數值[SEP][Plsb]0[var3][Prsb][Pmin][Plsb][var1][Pmin][var2][Prsb] [SEP][var2][Pmin][Pbeg]log[Psub][Plbb]0[Prbb][Plbb]1[Prbb][Pexp][Plbb][var1][Prbb] [SEP][Pbeg]log[Psub][Plbb]0[Prbb][var1] [SEP][Pbeg]cos[Plbb][Pbeg]log[Psub][Plbb]0[Prbb][Plsb][var2][Pplu][var1][Prsb][Prbb] [SEP][Pbeg]log[Psub][Plbb][var4][Pmin][var1][Prbb][Plbb][var2][Prbb][Pexp][Plbb][var3][Prbb] [SEP]||,||[Pbeg]log[Psub][Plbb]0[Prbb][var1] ||,||282
