 x^n + y^n = z^n ,x的n次方加y的n次方等於z的n次方
 p^n + y^n = z^n ,p的n次方加y的n次方等於z的n次方
 p^n + p^n = z^n ,p的n次方加p的n次方等於z的n次方
 a^n + y^n = z^n ,a的n次方加y的n次方等於z的n次方
 a^n + p^n = z^n ,a的n次方加p的n次方等於z的n次方
 a^n + b^n = z^n ,a的n次方加b的n次方等於z的n次方
 g^n + y^n = z^n ,g的n次方加y的n次方等於z的n次方
 g^n + p^n = z^n ,g的n次方加p的n次方等於z的n次方
 g^n + b^n = z^n ,g的n次方加b的n次方等於z的n次方
 g^n + u^n = z^n ,g的n次方加u的n次方等於z的n次方
 x^3 + y^3 = z^3 ,x的三次方加y的三次方等於z的三次方
 p^3 + y^3 = z^3 ,p的三次方加y的三次方等於z的三次方
 p^3 + p^3 = z^3 ,p的三次方加p的三次方等於z的三次方
 a^3 + y^3 = z^3 ,a的三次方加y的三次方等於z的三次方
 a^3 + p^3 = z^3 ,a的三次方加p的三次方等於z的三次方
 a^3 + b^3 = z^3 ,a的三次方加b的三次方等於z的三次方
 g^3 + y^3 = z^3 ,g的三次方加y的三次方等於z的三次方
 g^3 + p^3 = z^3 ,g的三次方加p的三次方等於z的三次方
 g^3 + b^3 = z^3 ,g的三次方加b的三次方等於z的三次方
 g^3 + u^3 = z^3 ,g的三次方加u的三次方等於z的三次方
 x^2 + y^5 = z^8 ,x平加y的5次方等於z的8次方
 p^2 + y^5 = z^8 ,p平加y的5次方等於z的8次方
 p^2 + p^5 = z^8 ,p平加p的5次方等於z的8次方
 a^2 + y^5 = z^8 ,a平加y的5次方等於z的8次方
 a^2 + p^5 = z^8 ,a平加p的5次方等於z的8次方
 a^2 + b^5 = z^8 ,a平加b的5次方等於z的8次方
 g^2 + y^5 = z^8 ,g平加y的5次方等於z的8次方
 g^2 + p^5 = z^8 ,g平加p的5次方等於z的8次方
 g^2 + b^5 = z^8 ,g平加b的5次方等於z的8次方
 g^2 + u^5 = z^8 ,g平加u的5次方等於z的8次方
E=mc^2,E等於mc平方
\sqrt{x^2+1},根號x平方加一
\sqrt{p^2+1},根號p平方加一
\sqrt{a^2+1},根號a平方加一
\sqrt{g^2+1},根號g平方加一
 F = G \left( \frac{m_1 m_2}{r^2} \right),F等於G乘以m1m2除以r平方
\frac{1}{2} ,二分之一
\frac{234}{51} ,51分之234
\frac{87}{6903} ,六千九百零三分之八十七
\frac{32832}{313} ,313分之32832
e^{\pi i} + 1 = 0 ,e的pi乘以i次方加1等於0
2x - 5y =  8 ,2x減5y等於8
2p - 5y =  8 ,2p減5y等於8
2p - 5p =  8 ,2p減5p等於8
2a - 5y =  8 ,2a減5y等於8
2a - 5p =  8 ,2a減5p等於8
2a - 5b =  8 ,2a減5b等於8
2g - 5y =  8 ,2g減5y等於8
2g - 5p =  8 ,2g減5p等於8
2g - 5b =  8 ,2g減5b等於8
2g - 5u =  8 ,2g減5u等於8
3x + 9y =  -12 ,3x加9y等於負12
3p + 9y =  -12 ,3p加9y等於負12
3p + 9p =  -12 ,3p加9p等於負12
3a + 9y =  -12 ,3a加9y等於負12
3a + 9p =  -12 ,3a加9p等於負12
3a + 9b =  -12 ,3a加9b等於負12
3g + 9y =  -12 ,3g加9y等於負12
3g + 9p =  -12 ,3g加9p等於負12
3g + 9b =  -12 ,3g加9b等於負12
3g + 9u =  -12 ,3g加9u等於負12
x=y ,x等於y
p=y ,p等於y
p=p ,p等於p
a=y ,a等於y
a=p ,a等於p
a=b ,a等於b
g=y ,g等於y
g=p ,g等於p
g=b ,g等於b
g=u ,g等於u
w =z ,w等於z
a=b+c ,a加b等於c
2x=-y ,2x等於y
2p=-y ,2p等於y
2p=-p ,2p等於p
2a=-y ,2a等於y
2a=-p ,2a等於p
2a=-b ,2a等於b
2g=-y ,2g等於y
2g=-p ,2g等於p
2g=-b ,2g等於b
2g=-u ,2g等於u
3w=\frac{1}{2}z    ,3w等於二分之一z
a=b ,a等於b
w+2=-1+w ,w加二等於負一加w
ab=cb ,ab等於cb
2x - 5y =  8 ,2x減5y等於負八
2p - 5y =  8 ,2p減5y等於負八
2p - 5p =  8 ,2p減5p等於負八
2a - 5y =  8 ,2a減5y等於負八
2a - 5p =  8 ,2a減5p等於負八
2a - 5b =  8 ,2a減5b等於負八
2g - 5y =  8 ,2g減5y等於負八
2g - 5p =  8 ,2g減5p等於負八
2g - 5b =  8 ,2g減5b等於負八
2g - 5u =  8 ,2g減5u等於負八
3x^2 + 9y =  3a + c ,3x平方加上9y等於3a加c
3p^2 + 9y =  3a + c ,3p平方加上9y等於3a加c
3p^2 + 9p =  3a + c ,3p平方加上9p等於3a加c
3a^2 + 9y =  3a + c ,3a平方加上9y等於3a加c
3a^2 + 9p =  3a + c ,3a平方加上9p等於3a加c
3a^2 + 9b =  3a + c ,3a平方加上9b等於3a加c
3g^2 + 9y =  3a + c ,3g平方加上9y等於3a加c
3g^2 + 9p =  3a + c ,3g平方加上9p等於3a加c
3g^2 + 9b =  3a + c ,3g平方加上9b等於3a加c
3g^2 + 9u =  3a + c ,3g平方加上9u等於3a加c
3ax+4by=5cz ,3ax加4by等於5cz
3ap+4by=5cz ,3ap加4by等於5cz
3ap+4bp=5cz ,3ap加4bp等於5cz
3aa+4by=5cz ,3aa加4by等於5cz
3aa+4bp=5cz ,3aa加4bp等於5cz
3aa+4bb=5cz ,3aa加4bb等於5cz
3ag+4by=5cz ,3ag加4by等於5cz
3ag+4bp=5cz ,3ag加4bp等於5cz
3ag+4bb=5cz ,3ag加4bb等於5cz
3ag+4bu=5cz ,3ag加4bu等於5cz
" \int_{a}^{b} x^2 \,dx ",從a到b，x平方的積分
" \int_{a}^{b} p^2 \,dp ",從a到b，p平方的積分
" \int_{a}^{b} a^2 \,da ",從a到b，a平方的積分
" \int_{a}^{b} g^2 \,dg ",從a到b，g平方的積分
x^n + y^n = z^m,x的n次方加y的n次方等於z的m次方
p^n + y^n = z^m,p的n次方加y的n次方等於z的m次方
p^n + p^n = z^m,p的n次方加p的n次方等於z的m次方
a^n + y^n = z^m,a的n次方加y的n次方等於z的m次方
a^n + p^n = z^m,a的n次方加p的n次方等於z的m次方
a^n + b^n = z^m,a的n次方加b的n次方等於z的m次方
g^n + y^n = z^m,g的n次方加y的n次方等於z的m次方
g^n + p^n = z^m,g的n次方加p的n次方等於z的m次方
g^n + b^n = z^m,g的n次方加b的n次方等於z的m次方
g^n + u^n = z^m,g的n次方加u的n次方等於z的m次方
x^3 + y^t = z^3 ,X3方加y的t次方等於z的3次方
p^3 + y^t = z^3 ,X3方加y的t次方等於z的3次方
p^3 + p^t = z^3 ,X3方加p的t次方等於z的3次方
a^3 + y^t = z^3 ,X3方加y的t次方等於z的3次方
a^3 + p^t = z^3 ,X3方加p的t次方等於z的3次方
a^3 + b^t = z^3 ,X3方加b的t次方等於z的3次方
g^3 + y^t = z^3 ,X3方加y的t次方等於z的3次方
g^3 + p^t = z^3 ,X3方加p的t次方等於z的3次方
g^3 + b^t = z^3 ,X3方加b的t次方等於z的3次方
g^3 + u^t = z^3 ,X3方加u的t次方等於z的3次方
x^2 + 9 = z^8,x平方加九等於z8次方
p^2 + 9 = z^8,p平方加九等於z8次方
a^2 + 9 = z^8,a平方加九等於z8次方
g^2 + 9 = z^8,g平方加九等於z8次方
x^11 + y^9 = 73,x加y九次等於73
p^11 + y^9 = 73,p加y九次等於73
p^11 + p^9 = 73,p加p九次等於73
a^11 + y^9 = 73,a加y九次等於73
a^11 + p^9 = 73,a加p九次等於73
a^11 + b^9 = 73,a加b九次等於73
g^11 + y^9 = 73,g加y九次等於73
g^11 + p^9 = 73,g加p九次等於73
g^11 + b^9 = 73,g加b九次等於73
g^11 + u^9 = 73,g加u九次等於73
x^x + y^3 = z^n,x^x+y^3=z^n
p^p + y^3 = z^n,p^p+y^3=z^n
p^p + p^3 = z^n,p^p+p^3=z^n
a^a + y^3 = z^n,a^a+y^3=z^n
a^a + p^3 = z^n,a^a+p^3=z^n
a^a + b^3 = z^n,a^a+b^3=z^n
g^g + y^3 = z^n,g^g+y^3=z^n
g^g + p^3 = z^n,g^g+p^3=z^n
g^g + b^3 = z^n,g^g+b^3=z^n
g^g + u^3 = z^n,g^g+u^3=z^n
x^2 + y = x + w^3,叉平加y等於差加W三方
p^2 + y = p + w^3,叉平加y等於差加W三方
p^2 + p = p + w^3,叉平加p等於差加W三方
a^2 + y = a + w^3,叉平加y等於差加W三方
a^2 + p = a + w^3,叉平加p等於差加W三方
a^2 + b = a + w^3,叉平加b等於差加W三方
g^2 + y = g + w^3,叉平加y等於差加W三方
g^2 + p = g + w^3,叉平加p等於差加W三方
g^2 + b = g + w^3,叉平加b等於差加W三方
g^2 + u = g + w^3,叉平加u等於差加W三方
y^3 + x = s^t,y的三次方加x等於s的t次方
y^3 + p = s^t,y的三次方加p等於s的t次方
p^3 + p = s^t,p的三次方加p等於s的t次方
y^3 + a = s^t,y的三次方加a等於s的t次方
p^3 + a = s^t,p的三次方加a等於s的t次方
b^3 + a = s^t,b的三次方加a等於s的t次方
y^3 + g = s^t,y的三次方加g等於s的t次方
p^3 + g = s^t,p的三次方加g等於s的t次方
b^3 + g = s^t,b的三次方加g等於s的t次方
u^3 + g = s^t,u的三次方加g等於s的t次方
w+x+y+z=\pi ,w加x加y加z等於拍
w+p+y+z=\pi ,w加p加y加z等於拍
w+p+p+z=\pi ,w加p加p加z等於拍
w+a+y+z=\pi ,w加a加y加z等於拍
w+a+p+z=\pi ,w加a加p加z等於拍
w+a+b+z=\pi ,w加a加b加z等於拍
w+g+y+z=\pi ,w加g加y加z等於拍
w+g+p+z=\pi ,w加g加p加z等於拍
w+g+b+z=\pi ,w加g加b加z等於拍
w+g+u+z=\pi ,w加g加u加z等於拍
x+y+z=n\pi,x加y加z等於npi
p+y+z=n\pi,p加y加z等於npi
p+p+z=n\pi,p加p加z等於npi
a+y+z=n\pi,a加y加z等於npi
a+p+z=n\pi,a加p加z等於npi
a+b+z=n\pi,a加b加z等於npi
g+y+z=n\pi,g加y加z等於npi
g+p+z=n\pi,g加p加z等於npi
g+b+z=n\pi,g加b加z等於npi
g+u+z=n\pi,g加u加z等於npi
a^b > \frac{a}{a+b},a的b次方大於a加b分之a
xy^2 + x^2y \leq 0,x乘y平方加x平方乘y小於等於0
py^2 + p^2y \leq 0,p乘y平方加p平方乘y小於等於0
pp^2 + p^2p \leq 0,p乘p平方加p平方乘p小於等於0
ay^2 + a^2y \leq 0,a乘y平方加a平方乘y小於等於0
ap^2 + a^2p \leq 0,a乘p平方加a平方乘p小於等於0
ab^2 + a^2b \leq 0,a乘b平方加a平方乘b小於等於0
gy^2 + g^2y \leq 0,g乘y平方加g平方乘y小於等於0
gp^2 + g^2p \leq 0,g乘p平方加g平方乘p小於等於0
gb^2 + g^2b \leq 0,g乘b平方加g平方乘b小於等於0
gu^2 + g^2u \leq 0,g乘u平方加g平方乘u小於等於0
ax^{2}+bx+c = 5,ax平方加bx加c等於5
ap^{2}+bp+c = 5,ap平方加bp加c等於5
aa^{2}+ba+c = 5,aa平方加ba加c等於5
ag^{2}+bg+c = 5,ag平方加bg加c等於5
a(x-r)(x-s)=0,a乘以x減r乘以x減s
a(p-r)(p-s)=0,a乘以p減r乘以p減s
a(a-r)(a-s)=0,a乘以a減r乘以a減s
a(g-r)(g-s)=0,a乘以g減r乘以g減s
z^{2}+q=pz,z平方加q等於pz
x = \sqrt{\theta} \tan \theta,x等於根號西塔tan 西塔
p = \sqrt{\theta} \tan \theta,p等於根號西塔tan 西塔
a = \sqrt{\theta} \tan \theta,a等於根號西塔tan 西塔
g = \sqrt{\theta} \tan \theta,g等於根號西塔tan 西塔
\tan  2 \theta = 2 \frac{\sqrt{ac}}{b},tan 二theta等於2根號括號ac括號除以b
r={\sqrt  {{\frac  {c}{a}}}},r等於根號c除以a
y=a(x-h)^2+k,y等於a括號x減h平方加k
y=a(p-h)^2+k,y等於a括號p減h平方加k
p=a(p-h)^2+k,p等於a括號p減h平方加k
y=a(a-h)^2+k,y等於a括號a減h平方加k
p=a(a-h)^2+k,p等於a括號a減h平方加k
b=a(a-h)^2+k,b等於a括號a減h平方加k
y=a(g-h)^2+k,y等於a括號g減h平方加k
p=a(g-h)^2+k,p等於a括號g減h平方加k
b=a(g-h)^2+k,b等於a括號g減h平方加k
u=a(g-h)^2+k,u等於a括號g減h平方加k
x^{4}+y^{4}=z^{2},x四次加y四次等於z平方
p^{4}+y^{4}=z^{2},p四次加y四次等於z平方
p^{4}+p^{4}=z^{2},p四次加p四次等於z平方
a^{4}+y^{4}=z^{2},a四次加y四次等於z平方
a^{4}+p^{4}=z^{2},a四次加p四次等於z平方
a^{4}+b^{4}=z^{2},a四次加b四次等於z平方
g^{4}+y^{4}=z^{2},g四次加y四次等於z平方
g^{4}+p^{4}=z^{2},g四次加p四次等於z平方
g^{4}+b^{4}=z^{2},g四次加b四次等於z平方
g^{4}+u^{4}=z^{2},g四次加u四次等於z平方
p\equiv 1\;mod\;4,p同餘一mod四
\sqrt{x^3+1},根號x立方加一
\sqrt{p^3+1},根號p立方加一
\sqrt{a^3+1},根號a立方加一
\sqrt{g^3+1},根號g立方加一
\sqrt{x^2+2x+1},根號x平方加2x加1
\sqrt{p^2+2p+1},根號p平方加2p加1
\sqrt{a^2+2a+1},根號a平方加2a加1
\sqrt{g^2+2g+1},根號g平方加2g加1
\sqrt{x^e+\pi},根號x的e次方加pi
\sqrt{p^e+\pi},根號p的e次方加pi
\sqrt{a^e+\pi},根號a的e次方加pi
\sqrt{g^e+\pi},根號g的e次方加pi
\sqrt{\pi^3+31},根號下拍三次加31
\sqrt{\sqrt{x^4+6}},根號的根號x四加六
\sqrt{\sqrt{p^4+6}},根號的根號p四加六
\sqrt{\sqrt{a^4+6}},根號的根號a四加六
\sqrt{\sqrt{g^4+6}},根號的根號g四加六
\sqrt{x+x^5+3},根號x加x的五次加三
\sqrt{p+p^5+3},根號p加p的五次加三
\sqrt{a+a^5+3},根號a加a的五次加三
\sqrt{g+g^5+3},根號g加g的五次加三
\sqrt{a^3b^2+a^2},根號a三b二加a平
\sqrt{x^2y^4z^6} ,根號的x平方y四次z六次
\sqrt{p^2y^4z^6} ,根號的p平方y四次z六次
\sqrt{p^2p^4z^6} ,根號的p平方p四次z六次
\sqrt{a^2y^4z^6} ,根號的a平方y四次z六次
\sqrt{a^2p^4z^6} ,根號的a平方p四次z六次
\sqrt{a^2b^4z^6} ,根號的a平方b四次z六次
\sqrt{g^2y^4z^6} ,根號的g平方y四次z六次
\sqrt{g^2p^4z^6} ,根號的g平方p四次z六次
\sqrt{g^2b^4z^6} ,根號的g平方b四次z六次
\sqrt{g^2u^4z^6} ,根號的g平方u四次z六次
\sqrt{a^3+b^3+c^3},根號a三加b三加c三
\sqrt{(a+b+c)^{3}},根號a加b加c的三次方
\sqrt{\sin (\frac{\pi}{3})},根號sin 的3分之pi
\sqrt{ax^{2}+bx+c},根號ax平方加bx加c
\sqrt{ap^{2}+bp+c},根號ap平方加bp加c
\sqrt{aa^{2}+ba+c},根號aa平方加ba加c
\sqrt{ag^{2}+bg+c},根號ag平方加bg加c
\sqrt{a(x-r)(x-s)},"a加b,c加d等於ac加ad加bc加bd"
\sqrt{a(p-r)(p-s)},"a加b,c加d等於ac加ad加bc加bd"
\sqrt{a(a-r)(a-s)},"a加b,c加d等於ac加ad加bc加bd"
\sqrt{a(g-r)(g-s)},"a加b,c加d等於ac加ad加bc加bd"
\sqrt{z^{2}+q},根號z平方加q
\sqrt{x_1+x_2+x_3},根號x1加x2加x3
\sqrt{p_1+p_2+p_3},根號p1加p2加p3
\sqrt{a_1+a_2+a_3},根號a1加a2加a3
\sqrt{g_1+g_2+g_3},根號g1加g2加g3
\sqrt{mc^2},根號下mc平方
\frac{1}{2} ,二分之一
\frac{234}{51} ,51分之234
\frac{87}{6903} ,87除以6903
\frac{32832}{313} ,313分之32832
\frac{\pi^2}{4} ,四分之拍平方
\frac{\sqrt{x^2+2x+1}}{x+3} ,x加三分之根號x平加二x加一
\frac{\sqrt{p^2+2p+1}}{p+3} ,p加三分之根號p平加二p加一
\frac{\sqrt{a^2+2a+1}}{a+3} ,a加三分之根號a平加二a加一
\frac{\sqrt{g^2+2g+1}}{g+3} ,g加三分之根號g平加二g加一
\frac{x^3+1}{x+1} ,x三加一除以x加一
\frac{p^3+1}{p+1} ,p三加一除以p加一
\frac{a^3+1}{a+1} ,a三加一除以a加一
\frac{g^3+1}{g+1} ,g三加一除以g加一
\frac{a^2b^4}{a^3b^2} ,a平b四次方除以a三次方b平方
\frac{4}{\pi^2} ,pi平方分之4
\frac{71}{\sqrt{153}},根號153分之71
\frac{41}{467},四十一除以四六七
\frac{34}{500},五百分之三十四
\frac{69}{724},724分之69
\frac{78}{358},78除以358
\frac{62}{464},464分之62
\frac{5}{145},145分之5
\frac{81}{827},81除以827
\frac{61}{491},491分之61
\frac{95}{942},942分之96
\frac{27}{436} ,436分之27
P_{r}^{n},Pn取r
P_{a}^{b},b個相異物中選a個排列
P_{9}^{9},p九取九
P_{3}^{5},P5取3
P_{12}^{n},pn取12
C_{r}^{n},Cn取r
C_{a}^{b},Cb取a
C_{5}^{12},C12取5
C_{3}^{n},cn取三
C_{r}^{7},C7取r
e^{\pi i} + 1 = 0 ,e的pii次方加一等於0
2x - 5y =  8 ,2x減5y等於8
2p - 5y =  8 ,2p減5y等於8
2p - 5p =  8 ,2p減5p等於8
2a - 5y =  8 ,2a減5y等於8
2a - 5p =  8 ,2a減5p等於8
2a - 5b =  8 ,2a減5b等於8
2g - 5y =  8 ,2g減5y等於8
2g - 5p =  8 ,2g減5p等於8
2g - 5b =  8 ,2g減5b等於8
2g - 5u =  8 ,2g減5u等於8
3x + 9y =  -12 ,三x加九y等於負十二
3p + 9y =  -12 ,三p加九y等於負十二
3p + 9p =  -12 ,三p加九p等於負十二
3a + 9y =  -12 ,三a加九y等於負十二
3a + 9p =  -12 ,三a加九p等於負十二
3a + 9b =  -12 ,三a加九b等於負十二
3g + 9y =  -12 ,三g加九y等於負十二
3g + 9p =  -12 ,三g加九p等於負十二
3g + 9b =  -12 ,三g加九b等於負十二
3g + 9u =  -12 ,三g加九u等於負十二
x=y ,x等於y
p=y ,p等於y
p=p ,p等於p
a=y ,a等於y
a=p ,a等於p
a=b ,a等於b
g=y ,g等於y
g=p ,g等於p
g=b ,g等於b
g=u ,g等於u
w =z ,w等於z
a=b+c ,a等於b加c
2x=-y ,2x等於負y
2p=-y ,2p等於負y
2p=-p ,2p等於負p
2a=-y ,2a等於負y
2a=-p ,2a等於負p
2a=-b ,2a等於負b
2g=-y ,2g等於負y
2g=-p ,2g等於負p
2g=-b ,2g等於負b
2g=-u ,2g等於負u
3w=\frac{1}{2}z    ,三w等於二分之一z
a=b ,a等於b
-4 + 5x=2+y ,負四加五x等於二加y
-4 + 5p=2+y ,負四加五p等於二加y
-4 + 5p=2+p ,負四加五p等於二加p
-4 + 5a=2+y ,負四加五a等於二加y
-4 + 5a=2+p ,負四加五a等於二加p
-4 + 5a=2+b ,負四加五a等於二加b
-4 + 5g=2+y ,負四加五g等於二加y
-4 + 5g=2+p ,負四加五g等於二加p
-4 + 5g=2+b ,負四加五g等於二加b
-4 + 5g=2+u ,負四加五g等於二加u
w+2=-1+w ,w加2等於-1加w
ab=cb ,ab等於cb
2x - 5y =  8 ,二x減5y等於八
2p - 5y =  8 ,二p減5y等於八
2p - 5p =  8 ,二p減5p等於八
2a - 5y =  8 ,二a減5y等於八
2a - 5p =  8 ,二a減5p等於八
2a - 5b =  8 ,二a減5b等於八
2g - 5y =  8 ,二g減5y等於八
2g - 5p =  8 ,二g減5p等於八
2g - 5b =  8 ,二g減5b等於八
2g - 5u =  8 ,二g減5u等於八
3x^2 + 9y =  3a + c ,3x平方加9y等於3a加c
3p^2 + 9y =  3a + c ,3p平方加9y等於3a加c
3p^2 + 9p =  3a + c ,3p平方加9p等於3a加c
3a^2 + 9y =  3a + c ,3a平方加9y等於3a加c
3a^2 + 9p =  3a + c ,3a平方加9p等於3a加c
3a^2 + 9b =  3a + c ,3a平方加9b等於3a加c
3g^2 + 9y =  3a + c ,3g平方加9y等於3a加c
3g^2 + 9p =  3a + c ,3g平方加9p等於3a加c
3g^2 + 9b =  3a + c ,3g平方加9b等於3a加c
3g^2 + 9u =  3a + c ,3g平方加9u等於3a加c
3ax+4by=5cz ,三ax加四by等於五cz
3ap+4by=5cz ,三ap加四by等於五cz
3ap+4bp=5cz ,三ap加四bp等於五cz
3aa+4by=5cz ,三aa加四by等於五cz
3aa+4bp=5cz ,三aa加四bp等於五cz
3aa+4bb=5cz ,三aa加四bb等於五cz
3ag+4by=5cz ,三ag加四by等於五cz
3ag+4bp=5cz ,三ag加四bp等於五cz
3ag+4bb=5cz ,三ag加四bb等於五cz
3ag+4bu=5cz ,三ag加四bu等於五cz
a+b+c < 8 ,a加b加c小於8
x^2 < 2x + 9,x平方小於2x加9
p^2 < 2p + 9,p平方小於2p加9
a^2 < 2a + 9,a平方小於2a加9
g^2 < 2g + 9,g平方小於2g加9
x^3 + 5y + x^2 + 6 \geq 0,x立方加5y加x平方加6大於等於0
p^3 + 5y + p^2 + 6 \geq 0,p立方加5y加p平方加6大於等於0
p^3 + 5p + p^2 + 6 \geq 0,p立方加5p加p平方加6大於等於0
a^3 + 5y + a^2 + 6 \geq 0,a立方加5y加a平方加6大於等於0
a^3 + 5p + a^2 + 6 \geq 0,a立方加5p加a平方加6大於等於0
a^3 + 5b + a^2 + 6 \geq 0,a立方加5b加a平方加6大於等於0
g^3 + 5y + g^2 + 6 \geq 0,g立方加5y加g平方加6大於等於0
g^3 + 5p + g^2 + 6 \geq 0,g立方加5p加g平方加6大於等於0
g^3 + 5b + g^2 + 6 \geq 0,g立方加5b加g平方加6大於等於0
g^3 + 5u + g^2 + 6 \geq 0,g立方加5u加g平方加6大於等於0
x^2y^5 + 7xy \leq 0,x平方乘y的五次方加7xy小於等於0
p^2y^5 + 7py \leq 0,p平方乘y的五次方加7py小於等於0
p^2p^5 + 7pp \leq 0,p平方乘p的五次方加7pp小於等於0
a^2y^5 + 7ay \leq 0,a平方乘y的五次方加7ay小於等於0
a^2p^5 + 7ap \leq 0,a平方乘p的五次方加7ap小於等於0
a^2b^5 + 7ab \leq 0,a平方乘b的五次方加7ab小於等於0
g^2y^5 + 7gy \leq 0,g平方乘y的五次方加7gy小於等於0
g^2p^5 + 7gp \leq 0,g平方乘p的五次方加7gp小於等於0
g^2b^5 + 7gb \leq 0,g平方乘b的五次方加7gb小於等於0
g^2u^5 + 7gu \leq 0,g平方乘u的五次方加7gu小於等於0
abx - c = y^2,abx減c等於y平方
abp - c = y^2,abp減c等於y平方
abp - c = p^2,abp減c等於p平方
aba - c = y^2,aba減c等於y平方
aba - c = p^2,aba減c等於p平方
aba - c = b^2,aba減c等於b平方
abg - c = y^2,abg減c等於y平方
abg - c = p^2,abg減c等於p平方
abg - c = b^2,abg減c等於b平方
abg - c = u^2,abg減c等於u平方
4a = \frac{5}{2},4a等於2分之五
\log_a b,log a b
\log_{10} 100,log 10 100
\log_a 10 + \log_b 10,log a 10 加 log b 10
\log_{10} a = \log_{100} a^2,a取對數等於a平方去取以100為底的對數
x_1 + x_2 + x_3 = 5,x1加x2加x3等於5
p_1 + p_2 + p_3 = 5,p1加p2加p3等於5
a_1 + a_2 + a_3 = 5,a1加a2加a3等於5
g_1 + g_2 + g_3 = 5,g1加g2加g3等於5
a_1 + a_3 + a_5 = 7,aone加a三加a五等於七
a + b + c + d = x + y + z,a加b加c加d等於x加y加z
a + b + c + d = p + y + z,a加b加c加d等於p加y加z
a + b + c + d = p + p + z,a加b加c加d等於p加p加z
a + b + c + d = a + y + z,a加b加c加d等於a加y加z
a + b + c + d = a + p + z,a加b加c加d等於a加p加z
a + b + c + d = a + b + z,a加b加c加d等於a加b加z
a + b + c + d = g + y + z,a加b加c加d等於g加y加z
a + b + c + d = g + p + z,a加b加c加d等於g加p加z
a + b + c + d = g + b + z,a加b加c加d等於g加b加z
a + b + c + d = g + u + z,a加b加c加d等於g加u加z
a^b + \log_{10} c,a的b加log10c
\frac{\sin (x)}{\cos (x)} = \tan (x),sin x除以cos x等於tan x
\frac{\sin (p)}{\cos (p)} = \tan (p),sin p除以cos p等於tan p
\frac{\sin (a)}{\cos (a)} = \tan (a),sin a除以cos a等於tan a
\frac{\sin (g)}{\cos (g)} = \tan (g),sin g除以cos g等於tan g
\frac{\log_{a} b}{\log_{b} a},log b a 分之 log a b
\sum_{n=1}^{100} n ,從1加到100
\sum_{n=0}^{50} 2^n ,二的五十一次方減一
\sum_{k=1}^{n} k 2^{k-1},"sigma k等於一,n,k乘以二的k減一次"
\sum_{k=15}^{83} 2n+1,2n+1，n代十五至八三的和
R = q^{2} r^{2},R等於q平方乘r平方
F = G \left( \frac{m_1 m_2}{r^2} \right),F等於Gm1m2除以r平方
A = \frac{\pi r^2}{2} ,A等於拍r平方除以二
A = \frac{1}{2} \pi r^2 ,A等於二分之一pir平方
\sin (a + b) = \sin  a \cos  b + \cos  b \sin  a ,sin 的a+b等於sin acos b加cos b sin a
\cos (a + b) = \cos  a \cos  b - \sin  a \sin  b,cos (a+b)=cos acos b−sin a sin b
\sin (x + y) = \sin  x \cos  y + \cos  y \sin  x ,sin x加y等於sin xcos y加cos y sin x
\sin (p + y) = \sin  p \cos  y + \cos  y \sin  p ,sin p加y等於sin pcos y加cos y sin p
\sin (p + p) = \sin  p \cos  p + \cos  p \sin  p ,sin p加p等於sin pcos p加cos p sin p
\sin (a + y) = \sin  a \cos  y + \cos  y \sin  a ,sin a加y等於sin acos y加cos y sin a
\sin (a + p) = \sin  a \cos  p + \cos  p \sin  a ,sin a加p等於sin acos p加cos p sin a
\sin (a + b) = \sin  a \cos  b + \cos  b \sin  a ,sin a加b等於sin acos b加cos b sin a
\sin (g + y) = \sin  g \cos  y + \cos  y \sin  g ,sin g加y等於sin gcos y加cos y sin g
\sin (g + p) = \sin  g \cos  p + \cos  p \sin  g ,sin g加p等於sin gcos p加cos p sin g
\sin (g + b) = \sin  g \cos  b + \cos  b \sin  g ,sin g加b等於sin gcos b加cos b sin g
\sin (g + u) = \sin  g \cos  u + \cos  u \sin  g ,sin g加u等於sin gcos u加cos u sin g
\cos (x + y) = \cos  x \cos  y - \sin  x \sin  y,cos x加y等於cos xcos y-sin x sin y
\cos (p + y) = \cos  p \cos  y - \sin  p \sin  y,cos p加y等於cos pcos y-sin p sin y
\cos (p + p) = \cos  p \cos  p - \sin  p \sin  p,cos p加p等於cos pcos p-sin p sin p
\cos (a + y) = \cos  a \cos  y - \sin  a \sin  y,cos a加y等於cos acos y-sin a sin y
\cos (a + p) = \cos  a \cos  p - \sin  a \sin  p,cos a加p等於cos acos p-sin a sin p
\cos (a + b) = \cos  a \cos  b - \sin  a \sin  b,cos a加b等於cos acos b-sin a sin b
\cos (g + y) = \cos  g \cos  y - \sin  g \sin  y,cos g加y等於cos gcos y-sin g sin y
\cos (g + p) = \cos  g \cos  p - \sin  g \sin  p,cos g加p等於cos gcos p-sin g sin p
\cos (g + b) = \cos  g \cos  b - \sin  g \sin  b,cos g加b等於cos gcos b-sin g sin b
\cos (g + u) = \cos  g \cos  u - \sin  g \sin  u,cos g加u等於cos gcos u-sin g sin u
\sin ^2(x) + \cos ^2(x) = 1,sin平方x加cos平方x等於一
\sin ^2(p) + \cos ^2(p) = 1,sin平方p加cos平方p等於一
\sin ^2(a) + \cos ^2(a) = 1,sin平方a加cos平方a等於一
\sin ^2(g) + \cos ^2(g) = 1,sin平方g加cos平方g等於一
\sin (2x) = 2 \cos  x \sin  x,sin 二x等於二cos sin x
\sin (2p) = 2 \cos  p \sin  p,sin 二p等於二cos sin p
\sin (2a) = 2 \cos  a \sin  a,sin 二a等於二cos sin a
\sin (2g) = 2 \cos  g \sin  g,sin 二g等於二cos sin g
\sin (\frac{\pi}{3}),sin 的3分之pi
\cos (\frac{\pi}{4}) + \sin (\pi),cos 四分之pi加sin x
"\int_{a}^{b} x^2 \,dx ",x的平方從ㄟ積到逼
"\int_{a}^{b} p^2 \,dp ",p的平方從ㄟ積到逼
"\int_{a}^{b} a^2 \,da ",a的平方從ㄟ積到逼
"\int_{a}^{b} g^2 \,dg ",g的平方從ㄟ積到逼
"\int_{0}^{1} x^3 + x \,dx",x三+x對x從0積到1
"\int_{0}^{1} p^3 + p \,dp",p三+p對p從0積到1
"\int_{0}^{1} a^3 + a \,da",a三+a對a從0積到1
"\int_{0}^{1} g^3 + g \,dg",g三+g對g從0積到1
"\int_{0}^{n} \sin  x \,dx",sin xdx從0積到n
"\int_{0}^{n} \sin  p \,dp",sin pdp從0積到n
"\int_{0}^{n} \sin  a \,da",sin ada從0積到n
"\int_{0}^{n} \sin  g \,dg",sin gdg從0積到n
"\int_{1}^{n} \frac{1}{y} \,dy ",1/y對y從1積到n
"\int_{1}^{n} \frac{1}{p} \,dp ",1/p對p從1積到n
"\int_{1}^{n} \frac{1}{b} \,db ",1/b對b從1積到n
"\int_{1}^{n} \frac{1}{u} \,du ",1/u對u從1積到n
"\int_{a}^{b} y^3 + 5a \,dy",y三次方加5a對y從a積分到b
"\int_{a}^{b} p^3 + 5a \,dp",p三次方加5a對p從a積分到b
"\int_{a}^{b} b^3 + 5a \,db",b三次方加5a對b從a積分到b
"\int_{a}^{b} u^3 + 5a \,du",u三次方加5a對u從a積分到b
"\int_{2}^{50} y^2 + y \,dx",y平加y從2積到50
"\int_{2}^{50} y^2 + y \,dp",y平加y從2積到50
"\int_{2}^{50} p^2 + p \,dp",p平加p從2積到50
"\int_{2}^{50} y^2 + y \,da",y平加y從2積到50
"\int_{2}^{50} p^2 + p \,da",p平加p從2積到50
"\int_{2}^{50} b^2 + b \,da",b平加b從2積到50
"\int_{2}^{50} y^2 + y \,dg",y平加y從2積到50
"\int_{2}^{50} p^2 + p \,dg",p平加p從2積到50
"\int_{2}^{50} b^2 + b \,dg",b平加b從2積到50
"\int_{2}^{50} u^2 + u \,dg",u平加u從2積到50
"\int_{-n}^{1} a^3 + 2a^2 \,dz",a三加二a平對z從負n積到一
"\int_{-10}^{0} b^2 + z \,dz",b平方加z，z從-10到0
p=x^{2}+y^{2},p等於x平方加y平方
p=p^{2}+y^{2},p等於p平方加y平方
p=p^{2}+p^{2},p等於p平方加p平方
p=a^{2}+y^{2},p等於a平方加y平方
p=a^{2}+p^{2},p等於a平方加p平方
p=a^{2}+b^{2},p等於a平方加b平方
p=g^{2}+y^{2},p等於g平方加y平方
p=g^{2}+p^{2},p等於g平方加p平方
p=g^{2}+b^{2},p等於g平方加b平方
p=g^{2}+u^{2},p等於g平方加u平方
a^{p-1}\equiv 1{\pmod {p}},a的p-1次以p除時同餘1
x = \sqrt{c},x等於根號c
p = \sqrt{c},p等於根號c
a = \sqrt{c},a等於根號c
g = \sqrt{c},g等於根號c
\sin  ^{2}\theta +\cos  ^{2}\theta =1,"同角度下,正弦函數與餘弦函數平方和等於一"
\sqrt{1 - \cos ^2 \theta} = \sin  \theta,Skip
\sqrt{1 - \sin ^2 \theta} = \cos  \theta,根號一減sin e平方theta等於cos theta
\sin (x+y)\sin (x-y)=\sin ^{2}{x}-\sin ^{2}{y},sin x加y sin x減y等於sin平x減sin平y
\sin (p+y)\sin (p-y)=\sin ^{2}{p}-\sin ^{2}{y},sin p加y sin p減y等於sin平p減sin平y
\sin (p+p)\sin (p-p)=\sin ^{2}{p}-\sin ^{2}{p},sin p加p sin p減p等於sin平p減sin平p
\sin (a+y)\sin (a-y)=\sin ^{2}{a}-\sin ^{2}{y},sin a加y sin a減y等於sin平a減sin平y
\sin (a+p)\sin (a-p)=\sin ^{2}{a}-\sin ^{2}{p},sin a加p sin a減p等於sin平a減sin平p
\sin (a+b)\sin (a-b)=\sin ^{2}{a}-\sin ^{2}{b},sin a加b sin a減b等於sin平a減sin平b
\sin (g+y)\sin (g-y)=\sin ^{2}{g}-\sin ^{2}{y},sin g加y sin g減y等於sin平g減sin平y
\sin (g+p)\sin (g-p)=\sin ^{2}{g}-\sin ^{2}{p},sin g加p sin g減p等於sin平g減sin平p
\sin (g+b)\sin (g-b)=\sin ^{2}{g}-\sin ^{2}{b},sin g加b sin g減b等於sin平g減sin平b
\sin (g+u)\sin (g-u)=\sin ^{2}{g}-\sin ^{2}{u},sin g加u sin g減u等於sin平g減sin平u
\sin (x+y)\sin (x-y)=\cos ^{2}{y}-\cos ^{2}{x},sin x加y sin x減y等於cos平y減cos平x
\sin (p+y)\sin (p-y)=\cos ^{2}{y}-\cos ^{2}{p},sin p加y sin p減y等於cos平y減cos平p
\sin (p+p)\sin (p-p)=\cos ^{2}{p}-\cos ^{2}{p},sin p加p sin p減p等於cos平p減cos平p
\sin (a+y)\sin (a-y)=\cos ^{2}{y}-\cos ^{2}{a},sin a加y sin a減y等於cos平y減cos平a
\sin (a+p)\sin (a-p)=\cos ^{2}{p}-\cos ^{2}{a},sin a加p sin a減p等於cos平p減cos平a
\sin (a+b)\sin (a-b)=\cos ^{2}{b}-\cos ^{2}{a},sin a加b sin a減b等於cos平b減cos平a
\sin (g+y)\sin (g-y)=\cos ^{2}{y}-\cos ^{2}{g},sin g加y sin g減y等於cos平y減cos平g
\sin (g+p)\sin (g-p)=\cos ^{2}{p}-\cos ^{2}{g},sin g加p sin g減p等於cos平p減cos平g
\sin (g+b)\sin (g-b)=\cos ^{2}{b}-\cos ^{2}{g},sin g加b sin g減b等於cos平b減cos平g
\sin (g+u)\sin (g-u)=\cos ^{2}{u}-\cos ^{2}{g},sin g加u sin g減u等於cos平u減cos平g
a^{b+c}=a^{b}a^{c},a的b加c次方等於a的b次程已a的c次
(a+b)(c+d)=ac+ad+bc+bd,a加b乘以c加d等於ac加ad加bc加bd
(a+b)^2=a^2+2ab+b^2,a+b的平方等於a平方加2ab加b平方
(a+b+c)^2=a^2+b^2+c^2+2ab+2bc+2ca,a加b加c平方等於a平方加b平方加c平方加二ab加二bc加二ca
(a-b)^2=a^2-2ab+b^2,a減b括號平方等於a平減貳ab加b平
a^{2}-b^{2}=(a+b)(a-b),a平減b平等於a+b乘a-b
(a+b)^{3}=a^{3}+3a^{2}b+3ab^{2}+b^{3},a加b三次等於a三加三a平b加三ab平加b三
(a-b)^{3}=a^{3}-3a^{2}b+3ab^{2}-b^{3},a減b完全立方等於a三次減三a平b加三ab平減b三次
a^{3}+b^{3}=(a+b)^{3}-3ab(a+b),a3方加b3方等於括號a加b的三次方減3ab乘以括號a加b
a^{4}+a^{2}b^{2}+b^{4}=(a^{2}+ab+b^{2})(a^{2}-ab+b^{2}),a四次加a平b平加b四次等於a平加ab加b平乘以a平減ab加b平
a^{2}+b^{2}=(a+b)^{2}-2ab,a平方加b平方等於a加b平方減2ab
a^{2}+b^{2}=(a-b)^{2}+2ab,a平方加b平方等於a減b平方加2ab
a^{2}-b^{2}=\left(a+b\right)\left(a-b\right),"a平減b平等於a加b,a減b"
a^4+a^2b^2+b^4 = (a^2+ab+b^2)(a^2-ab+b^2),"a四加a二b二加b四等於a平加ab加b平,a平減ab減b平"
a^3+b^3+c^3= (a+b+c)^3+3(a+b+c)(-ab-bc-ca)+3abc,"a三加b三加c三等於a加b加c三加三a加b加b,負ab減bc減ca加三abc"
C=2\pi r,c等於二pir
C=\pi d,c等於pid
A=\pi r^{2},A等於pir平方
A=4\pi r^{2},a等於四pir平
e^{{i\pi }}+1=0,e的ipi次方加一等於零
e^{{i\pi }} = -1,e的ipi等於負一
T=2\pi {\sqrt {\frac {L}{g}}},t等於2pi乘以根號L除以g
\Delta H = m \cdot s \cdot \Delta T,DeltaH等於msDeltaT
a \cdot b \cdot c = d,abc等於d
a \cdot b = c \cdot d,ab等於cd
x \cdot y \geq 1,xy大於等於1
p \cdot y \geq 1,py大於等於1
p \cdot p \geq 1,pp大於等於1
a \cdot y \geq 1,ay大於等於1
a \cdot p \geq 1,ap大於等於1
a \cdot b \geq 1,ab大於等於1
g \cdot y \geq 1,gy大於等於1
g \cdot p \geq 1,gp大於等於1
g \cdot b \geq 1,gb大於等於1
g \cdot u \geq 1,gu大於等於1
xy \geq 1,x乘y大於等於1
py \geq 1,p乘y大於等於1
pp \geq 1,p乘p大於等於1
ay \geq 1,a乘y大於等於1
ap \geq 1,a乘p大於等於1
ab \geq 1,a乘b大於等於1
gy \geq 1,g乘y大於等於1
gp \geq 1,g乘p大於等於1
gb \geq 1,g乘b大於等於1
gu \geq 1,g乘u大於等於1
V =\left (\frac{4}{3} \right ) \pi r^3,v等於括號三分之四pir三方
1 = \frac{T^{2}}{R^{3}},一等於r三分之t平方
e=\frac{C^{2}}{GMm^{2}},e等於c平方除以G大m小m平方
2a - 5y = c ,2a減5y等於c
2a - 5p = c ,2a減5p等於c
2a - 5b = c ,2a減5b等於c
2a - 5u = c ,2a減5u等於c
3x = 12 + 6b + y ,三x等於十二加六b加y
3p = 12 + 6b + y ,三p等於十二加六b加y
3p = 12 + 6b + p ,三p等於十二加六b加p
3a = 12 + 6b + y ,三a等於十二加六b加y
3a = 12 + 6b + p ,三a等於十二加六b加p
3a = 12 + 6b + b ,三a等於十二加六b加b
3g = 12 + 6b + y ,三g等於十二加六b加y
3g = 12 + 6b + p ,三g等於十二加六b加p
3g = 12 + 6b + b ,三g等於十二加六b加b
3g = 12 + 6b + u ,三g等於十二加六b加u
a=b+c+d,a等於b加c加d
w=\frac{\pi}{2}t    ,w等於二分之pit
p^h+q^g=h^u,p的h次方加q的g次方等於h的u次方
(a-b-c)^{2},a減b減c括平
(p-h-q)^{2},p減h減q括號平
g^{2}+h^{2}+u^{2}-2gh-2gu+2uh,g平h平u平二gh2gu2uh後貳後三用減其他用加
a^{2}-b^{2},a平方減b平方
m^{2}-e^{2},m平減e平
(a+b)(a-b),"a加b,a減b"
(y+l)(y-l),y加l乘以y減l
(p+l)(p-l),p加l乘以p減l
(b+l)(b-l),b加l乘以b減l
(u+l)(u-l),u加l乘以u減l
(a+b)^{3},a加b的三次方
(l+f)^{3},l加f的三次方
x^{3}+3x^{2}f+3xf^{2}+f^{3},x三方加3x平方f加3xf平方加f3方
p^{3}+3p^{2}f+3pf^{2}+f^{3},p三方加3p平方f加3pf平方加f3方
a^{3}+3a^{2}f+3af^{2}+f^{3},a三方加3a平方f加3af平方加f3方
g^{3}+3g^{2}f+3gf^{2}+f^{3},g三方加3g平方f加3gf平方加f3方
(a-b)^{3},a減b的三次方
(r-c)^{3},r減c三次方
a^{3}-3a^{2}b+3ab^{2}-b^{3},a三減三a平方b加三ab平方減b三
s^{3}-3s^{2}c+3sc^{2}-c^{3},s三次減三s平c加三sc平減c三
a^{3}+b^{3},a三加b三
g^{3}+g^{3},g三加g三
(a+b)^{3}-3ab(a+b),a加b括三減三ab括號a加b
(w+k)^{3}-3wk(w+k),w加k三次減三wk括號w加k
a^{3}-b^{3},a三減b三
n^{3}-q^{3},n的三次方減q的三次方
(a-b)^{3}+3ab(a-b) ,"a減b括三加三ab,a減b括號"
(u-x)^{3}+3ux(u-x),u減x三次加三ux括號u減x
(u-p)^{3}+3up(u-p),u減p三次加三up括號u減p
(u-a)^{3}+3ua(u-a),u減a三次加三ua括號u減a
(u-g)^{3}+3ug(u-g),u減g三次加三ug括號u減g
a^{3}+b^{3}+c^{3}-3abc,a三加b三加c三減三abc
f^{3}+n^{3}+f^{3}-3fnf,f的三次方加n的三次方加f的三次方減3fnf
a+b+c,a加b加c
a^{2}+b^{2}+c^{2}-ab-bc-ca,a平加b平加c平減ab減bc減ca
o+z+v,o加z加v
o^{2}+z^{2}+v^{2}-oz-zv-vo,o平加z平加v平減oz減zv減vo
a^{4}+a^{2}b^{2}+b^{4},a四次加a平b平加b四次
s^{4}+s^{2}r^{2}+r^{4},s四次加s平r平加r四次
(a^{2}+ab+b^{2})(a^{2}-ab+b^{2}),a平方加ab加b平方乘以a平方減ab加b平方
(k^{2}+kj+j^{2})(k^{2}-kj+j^{2}),orz
a^{2}+b^{2},a平加b平
r^{2}+e^{2},r平加e平
(a+b)^{2}-2ab,a加b平方減2ab
a^{2}+b^{2},a平方
r^{2}+p^{2},r平加p平
(a-b)^{2}+2ab,a減b平加二ab
(r-v)^{2}+2rv,r減v括號平方加二rv
(a+b+c)^{3},a加b加c完全立方
(s+t+m)^{3},s加t加m的三次方
a^{3}+b^{3}+c^{3}+3(a+b)(b+c)(a+c),a三加b三加c三加三a加bb加ca加c
w^{3}+c^{3}+y^{3}+3(w+c)(c+y)(w+y),w立方加c立方加y立方加3w加c乘以c加y乘以w加y
w^{3}+c^{3}+p^{3}+3(w+c)(c+p)(w+p),w立方加c立方加p立方加3w加c乘以c加p乘以w加p
w^{3}+c^{3}+b^{3}+3(w+c)(c+b)(w+b),w立方加c立方加b立方加3w加c乘以c加b乘以w加b
w^{3}+c^{3}+u^{3}+3(w+c)(c+u)(w+u),w立方加c立方加u立方加3w加c乘以c加u乘以w加u
(a+b+c)^2,a加b加c平
(s+y+y)^2,s加y加y括平
(s+p+p)^2,s加p加p括平
(s+b+b)^2,s加b加b括平
(s+u+u)^2,s加u加u括平
k^{4}+k^{2}k^{2}+k^{4},k4加k2k2加k4
s^{4}+s^{2}r^{2}+r^{4},s四次方加s平方r平方加r四次方
(s^{2}+sr+r^{2})(s^{2}-sr+r^{2}),"s平,sr,r平乘以s平減sr加r平"
(k^{2}+kj+j^{2})(k^{2}-kj+j^{2}),"k平加kj加j平,k平減kj加j平"
y^{2}+c^{2},y平方+c平方
p^{2}+c^{2},p平方+c平方
b^{2}+c^{2},b平方+c平方
u^{2}+c^{2},u平方+c平方
r^{2}+e^{2},r平加e平
(l+s)^{2}-2ls,l加s括平減貳ls
(g+g)^{2}-2gg,2gg
f^{2}+a^{2},f平方加a平方
r^{2}+p^{2},r平方加p平方
(e-f)^{2}+2ef,e減f括平加二ef
(r-v)^{2}+2rv,括號r減v的平方，加2rv
(o+e+j)^{3},o加e加j括號3次
(s+t+m)^{3},stm加起來三次
v^{3}+a^{3}+b^{3}+3(v+a)(a+b)(v+b),"v三次加a三次加b三加3v加a,a加b,v加b"
(p+o+e)^2,p加o加e平方
(s+y+y)^2,s加y加y平方
(s+p+p)^2,s加p加p平方
(s+b+b)^2,s加b加b平方
(s+u+u)^2,s加u加u平方
\sin  A=\frac{a}{c},sin A等於c分之a
\cos  A=\frac{b}{c},cos A等於c分之b
\tan  A=\frac{a}{b} ,tan a等於b分之a
c^2=a^2+b^2-2ab\cos  C,c平等於a平加b平減貳abcos c
\cos ^2 A - \sin ^2 A,cos a平減sin a平
2 \cos ^2 A - 1,2cos a減1
1 - 2 \sin ^2 A,1減2sin平方A
"\pm\, \sqrt{\frac{1 - \cos  A}{2}}",正負根號1減cos A除以2
"\pm\, \sqrt{\frac{1 + \cos  A}{2}}",正負根號一加cos a除以2
\sqrt{x^3+1},根號x三方加一
\sqrt{p^3+1},根號p三方加一
\sqrt{a^3+1},根號a三方加一
\sqrt{g^3+1},根號g三方加一
\sqrt{3}{\sqrt{x^4+6}},根號3乘以根號x的四次方加六
\sqrt{3}{\sqrt{p^4+6}},根號3乘以根號p的四次方加六
\sqrt{3}{\sqrt{a^4+6}},根號3乘以根號a的四次方加六
\sqrt{3}{\sqrt{g^4+6}},根號3乘以根號g的四次方加六
\sqrt{x+x^5+3},根號x加x五加三
\sqrt{p+p^5+3},根號p加p五加三
\sqrt{a+a^5+3},根號a加a五加三
\sqrt{g+g^5+3},根號g加g五加三
\sqrt{4}{a^3b^2+a^2},根號四a三b平加a平
\sqrt{3}{x^2y^4z^6},根號三x平y四次方z六次方
\sqrt{3}{p^2y^4z^6},根號三p平y四次方z六次方
\sqrt{3}{p^2p^4z^6},根號三p平p四次方z六次方
\sqrt{3}{a^2y^4z^6},根號三a平y四次方z六次方
\sqrt{3}{a^2p^4z^6},根號三a平p四次方z六次方
\sqrt{3}{a^2b^4z^6},根號三a平b四次方z六次方
\sqrt{3}{g^2y^4z^6},根號三g平y四次方z六次方
\sqrt{3}{g^2p^4z^6},根號三g平p四次方z六次方
\sqrt{3}{g^2b^4z^6},根號三g平b四次方z六次方
\sqrt{3}{g^2u^4z^6},根號三g平u四次方z六次方
\sqrt{a^3+b^3+c^3},根號a三加b三加c三
\sqrt{(a+b+c)^{3}},根號a加b加c立方
\sqrt{3}{\sin (\frac{\pi}{3})},根號三sin 三分之pi
\sqrt{ax^{2}+bx+c},根號ax平方加bx加c
\sqrt{ap^{2}+bp+c},根號ap平方加bp加c
\sqrt{aa^{2}+ba+c},根號aa平方加ba加c
\sqrt{ag^{2}+bg+c},根號ag平方加bg加c
\sqrt{3}{z^{2}+q},"根號三,z平方加q"
\sqrt{5}{x_1+x_2+x_3},根號五xone加xtwo加x三
\sqrt{5}{p_1+p_2+p_3},根號五pone加ptwo加p三
\sqrt{5}{a_1+a_2+a_3},根號五aone加atwo加a三
\sqrt{5}{g_1+g_2+g_3},根號五gone加gtwo加g三
\sin {x} + y,sin x加y
\sin {p} + y,sin p加y
\sin {p} + p,sin p加p
\sin {a} + y,sin a加y
\sin {a} + p,sin a加p
\sin {a} + b,sin a加b
\sin {g} + y,sin g加y
\sin {g} + p,sin g加p
\sin {g} + b,sin g加b
\sin {g} + u,sin g加u
\cos {x} + y,cos x加y
\cos {p} + y,cos p加y
\cos {p} + p,cos p加p
\cos {a} + y,cos a加y
\cos {a} + p,cos a加p
\cos {a} + b,cos a加b
\cos {g} + y,cos g加y
\cos {g} + p,cos g加p
\cos {g} + b,cos g加b
\cos {g} + u,cos g加u
\sin {a} + c,sin a加c
\cos {b} + d,cos b加d
\sin ^3{x} + cos ^2{y},sin 三立x加cos平y
\sin ^3{p} + cos ^2{y},sin 三立p加cos平y
\sin ^3{p} + cos ^2{p},sin 三立p加cos平p
\sin ^3{a} + cos ^2{y},sin 三立a加cos平y
\sin ^3{a} + cos ^2{p},sin 三立a加cos平p
\sin ^3{a} + cos ^2{b},sin 三立a加cos平b
\sin ^3{g} + cos ^2{y},sin 三立g加cos平y
\sin ^3{g} + cos ^2{p},sin 三立g加cos平p
\sin ^3{g} + cos ^2{b},sin 三立g加cos平b
\sin ^3{g} + cos ^2{u},sin 三立g加cos平u
x \rightarrow \infty,x趨近無限大
p \rightarrow \infty,p趨近無限大
p \rightarrow \inftp,p趨近無限大
a \rightarrow \infty,a趨近無限大
a \rightarrow \inftp,a趨近無限大
a \rightarrow \inftb,a趨近無限大
g \rightarrow \infty,g趨近無限大
g \rightarrow \inftp,g趨近無限大
g \rightarrow \inftb,g趨近無限大
g \rightarrow \inftu,g趨近無限大
x \rightarrow 1,x趨近於1
p \rightarrow 1,p趨近於1
a \rightarrow 1,a趨近於1
g \rightarrow 1,g趨近於1
x \rightarrow 0,x趨近於0
p \rightarrow 0,p趨近於0
a \rightarrow 0,a趨近於0
g \rightarrow 0,g趨近於0
a \rightarrow 100,a趨近一百
b \rightarrow -1,b趨近負一
c \rightarrow -\infty,光速趨近於負無限
c \rightarrow -\inftp,光速趨近於負無限
c \rightarrow -\inftb,光速趨近於負無限
c \rightarrow -\inftu,光速趨近於負無限
y \rightarrow 23,y趨近於二十三
p \rightarrow 23,p趨近於二十三
b \rightarrow 23,b趨近於二十三
u \rightarrow 23,u趨近於二十三
a \rightarrow \infty,a箭頭無限
a \rightarrow \inftp,a箭頭無限
a \rightarrow \inftb,a箭頭無限
a \rightarrow \inftu,a箭頭無限
c \rightarrow -7,c趨近於負七
z \rightarrow -\infty,z趨近於負無限大
z \rightarrow -\inftp,z趨近於負無限大
z \rightarrow -\inftb,z趨近於負無限大
z \rightarrow -\inftu,z趨近於負無限大
orz,orz
\forall n = 0,任何n等於0
\forall n > 0,所有n大於0
\forall n \leq 1,所有n小於等於1
\forall x = 1,所有x等於1
\forall p = 1,所有p等於1
\forall a = 1,所有a等於1
\forall g = 1,所有g等於1
\forall xy \geq 0,對於每一組xy都會大於0
\forall py \geq 0,對於每一組py都會大於0
\forall pp \geq 0,對於每一組pp都會大於0
\forall ay \geq 0,對於每一組ay都會大於0
\forall ap \geq 0,對於每一組ap都會大於0
\forall ab \geq 0,對於每一組ab都會大於0
\forall gy \geq 0,對於每一組gy都會大於0
\forall gp \geq 0,對於每一組gp都會大於0
\forall gb \geq 0,對於每一組gb都會大於0
\forall gu \geq 0,對於每一組gu都會大於0
6 \div 2 = 3,6除以2等於3
120 \div 5 = 24,120除以5等於24
33 \div 11 = 3,33除以11等於3
41 \div 18467 = 6334,41除以18467等於6334
26500 \div 19169 = 15724,26500除以19169等於15724
11478 \div 29358 = 26962,11478除以29358等於26962
24464 \div 5705 = 28145,24464除以5705等於28145
23281 \div 16827 = 9961,23281除以16827等於9961
491 \div 2995 = 11942,491除以2995等於11942
4827 \div 5436 = 32391,4827除以5436等於32391
14604 \div 3902 = 153,14605除以3902等於153
292 \div 12382 = 17421,292除以12382等於17421
18716 \div 19718 = 19895,18716除以19718等於19895
5447 \div 21726 = 14771,5447除以21726等於14771
11538 \div 1869 = 19912,11538除以1869等於11912
25667 \div 26299 = 17035,25667除以26299等於17035
9894 \div 28703 = 23811,9894除以28703等於23811
31322 \div 30333 = 17673,31322除以30333等於17673
4664 \div 15141 = 7711,4664除以15141等於7711
p \div h = q,p除以h等於q
g \div h = u,g除以h等於u
m \div e = a,m/e=a
y \div l = n,y除以l等於n
p \div l = n,p除以l等於n
b \div l = n,b除以l等於n
u \div l = n,u除以l等於n
N \div q = D,N除以q等於D
U \div x = W,U除以x等於W
U \div p = W,U除以p等於W
U \div a = W,U除以a等於W
U \div g = W,U除以g等於W
F \div n = F,F除以n等於F
O \div z = V,O除以z等於V
S \div r = T,:skip
w \div k = F,w除以k等於F
n \div q = D,n除以q等於D
u \div x = W,u除以x等於W
u \div p = W,u除以p等於W
u \div a = W,u除以a等於W
u \div g = W,u除以g等於W
f \div n = F,f除以n等於F
30+6+11=36+11,30加6加11等於36加11
(5-5)\div 5=0,（5減5）除以5等於0
6\times 6+25\div 5=36+5,6乘6加25除以5等於36加5
30\div 5\times 2= 12,30除以5乘2等於12
1+1=2,1加1等於2
2+3=5,2加3等於5
5+4+2=11,5加4加2等於11
3+3+3+3=12,3加3加3加3等於12
3{1 \over 2}=3+{1 \over 2},3又二分之一等於3加二分之一
\sum _{k=1}^{5}k^{2},k平方從1加到5
x=a\times 10^{n},x等於a乘以10的n次方
p=a\times 10^{n},p等於a乘以10的n次方
a=a\times 10^{n},a等於a乘以10的n次方
g=a\times 10^{n},g等於a乘以10的n次方
2.34\times 10^{-5},2.34乘10的負5次方
\frac {a}{b}+\frac {c}{d},b分之a加d分之c
ad+bc \over bd,ad加bc，整個除以bd
{a+b \over c}={\frac {a}{c}}+{\frac {b}{c}},a加b整個除以c等於a除以c再加上b除以c
{{5}-{3}}=2,5減3等於2
6-3=3,六減三等於三
5\times 2,5乘以2
5\cdot 2,5乘以2
mn=\sum _{k=1}^{n}m,mn等於m加k次
{20}\div {4}=5,20除以4等於5
{20}\div {5}=4,20除以5等於4
{6}\div {3}=2,6除以3=2
a\times b=c,a乘b等於c
a=c\div b,a等於c除以b
a \times b,a乘b
c\div b=a\dots d,c除以b等於a餘d
c=a\times b+d,c等於a乘以b加d
c=a\times(b+d),c等於a乘以b加d
b\mid a,b整除a
5\mid 15,5整除15
6\nmid 20,6不整除20
1260257\div {37}=34061,1260257除以37等於34061
X^{3}-12X^{2}-42,X三次方減12X平方減42
X^{2}-9X-27 = -123,X平方減9X減27等於-123
i^2 = -1,i平方等於負一
a{\frac {b}{c}},a又c分之b
\frac {3}{6}= \frac {1}{2},六分之三等於二分之一
\frac {1}{2}= \frac {2}{4},二分之一等於四分之二
\frac {a}{b} = a:b,a除以b等於a比b
\frac {a}{b}\equiv a\div b,b分之a等於a除以b
b\in \mathbb {Z},b屬於Z
K\in \mathbb {A},k屬於A
x\in \mathbb {S},x屬於S
p\in \mathbb {S},p屬於S
a\in \mathbb {S},a屬於S
g\in \mathbb {S},g屬於S
a \not = b,a不等於b
a+b \not = b+c,a加b不等於b加c
x^2 + 3x + 2 \not = 0,x平方加3x加2不等於0
p^2 + 3p + 2 \not = 0,p平方加3p加2不等於0
a^2 + 3a + 2 \not = 0,a平方加3a加2不等於0
g^2 + 3g + 2 \not = 0,g平方加3g加2不等於0
x^3y + y^2 \not = -1,x的三次y加上y平方不等於負1
p^3y + y^2 \not = -1,p的三次y加上y平方不等於負1
p^3p + p^2 \not = -1,p的三次p加上p平方不等於負1
a^3y + y^2 \not = -1,a的三次y加上y平方不等於負1
a^3p + p^2 \not = -1,a的三次p加上p平方不等於負1
a^3b + b^2 \not = -1,a的三次b加上b平方不等於負1
g^3y + y^2 \not = -1,g的三次y加上y平方不等於負1
g^3p + p^2 \not = -1,g的三次p加上p平方不等於負1
g^3b + b^2 \not = -1,g的三次b加上b平方不等於負1
g^3u + u^2 \not = -1,g的三次u加上u平方不等於負1
a^3 + bc \not = d^2,a的三次方加bc不等於d平方
a^3 + 1 \not = 0,a的三次方加1不等於0
h^k + t \not = r,kill
r + s + t + w \not = a^b,r加s加t加w不等於a的b次方
a^b \not = \frac{a}{a+b},a的b次方等於a加b分之a
\frac{1}{x} \not = \frac{1}{x^2},:skip
\frac{1}{p} \not = \frac{1}{p^2},:skip
\frac{1}{a} \not = \frac{1}{a^2},:skip
\frac{1}{g} \not = \frac{1}{g^2},:skip
a\times b \not = c,a乘b不等於c
a \not = c\div b,a不等於c除以b
ad \le bc,ad小於等於bc
ad \ge bc,ab大於等於bc
x<y,x小於y
p<y,p小於y
p<p,p小於p
a<y,a小於y
a<p,a小於p
a<b,a小於b
g<y,g小於y
g<p,g小於p
g<b,g小於b
g<u,g小於u
x\leq y,x小於等於y
p\leq y,p小於等於y
p\leq p,p小於等於p
a\leq y,a小於等於y
a\leq p,a小於等於p
a\leq b,a小於等於b
g\leq y,g小於等於y
g\leq p,g小於等於p
g\leq b,g小於等於b
g\leq u,g小於等於u
y\nleq x = y > x,y不小於等於x等於y大於x
y\nleq p = y > p,y不小於等於p等於y大於p
p\nleq p = p > p,p不小於等於p等於p大於p
y\nleq a = y > a,y不小於等於a等於y大於a
p\nleq a = p > a,p不小於等於a等於p大於a
b\nleq a = b > a,b不小於等於a等於b大於a
y\nleq g = y > g,y不小於等於g等於y大於g
p\nleq g = p > g,p不小於等於g等於p大於g
b\nleq g = b > g,b不小於等於g等於b大於g
u\nleq g = u > g,u不小於等於g等於u大於g