target,retrieved
[Plbb]3[Prbb][Pexp][Plbb][var1][Prbb][Pmin][Plsb][Pbeg]sin[Plbb]6[Prbb][Prsb],3的[var1]次方減sin[Pspa]6
[Pbeg]log[Psub][Plbb]8[Prbb][Plsb][Pbeg]sin[Plbb]8[Prbb][Prsb],sin[Pspa]8以8為底的對數值
1[Pmin][var1],1減[var1]
3[Pmin][var1],3減[var1]
[Pbeg]log[Psub][Plbb]4[Pmin]2[Prbb][Plsb][var1][Pmin][var2][Prsb],[var1]減[var2]以4減2為底的對數
[Plbb]3[Pplu][Plsb]6[Pmin][var1][Prsb][Prbb][Pexp][Plbb][var2][Prbb],3加括號6減[var1]括號的[var2]次方
[Pbeg]sin[Plbb][Plbb]6[Prbb][Pexp][Plbb][Pbeg]log[Psub][Plbb]8[Pplu][var1][Prbb][Pbeg]pi[Prbb][Prbb],sin[Pspa]6的pi以8加[var1]為底的對數值次方
[Pbeg]sqrt[Plbb][Pbeg]cos[Plbb][var1][Prbb][Prbb],根號cos[Pspa][var1]
[Pbeg]log[Psub][Plbb][Pbeg]frac[Plbb]5[Pmin][Pbeg]frac[Plbb][var3][Prbb][Plbb]7[Pmin][var1][Prbb][Prbb][Plbb][Pbeg]sqrt[Plbb][var2][Prbb][Prbb][Prbb][Plsb][Pbeg]cos[Plbb][Plbb][var4][Prbb][Pexp][Plbb][var5][Prbb][Prbb][Prsb],cos[Pspa][var4]的[var5]次方以根號[var2]分之5減7減[var1]分之[var3]為底的對數
[Plsb][var3][Pplu][var1][Prsb][Pplu][Plsb]4[Pplu][Plbb]8[Prbb][Pexp][Plbb][var2][Prbb][Prsb],括號[var3]加[var1]括號加括號4加8的[var2]次方括號
5[Pplu][var1],5加[var1]
[Plbb][Pbeg]sin[Plbb]2[Prbb][Prbb][Pexp][Plbb][var1][Prbb],sin[Pspa]2的[var1]次方
[Plsb][Plsb]8[Pplu][var4][Prsb][Pmin][Plsb][var3][Pplu][var2][Prsb][Prsb][var1],括號8加[var4]減括號[var3]加[var2]整個乘以[var1]
[Pbeg]log[Psub][Plbb]8[Prbb][Plsb][Pbeg]sin[Plbb]7[Prbb][Prsb],sin[Pspa]7以8為底的對數
[Plbb]3[Prbb][Pexp][Plbb][var2][Pplu][var1][Prbb],3的[var2]加[var1]次方
[Pbeg]frac[Plbb][var2][Prbb][Plbb][Pbeg]log[Psub][Plbb]8[Prbb][Plsb][Plsb][var1][Pmin][var4][Prsb][Pmin][var3][Prsb][Prbb],log[Pspa]8[Pspa]括號[var1]減[var4]減[var3]分之[var2]
[Plsb][Plsb][Pbeg]sqrt[Plbb]8[Prbb][Prsb]6[Prsb][var1],根號8乘以6乘以[var1]
[Pbeg]sqrt[Plbb]9[Prbb],根號9
[Pbeg]sqrt[Plbb][var1][Prbb],根號[var1]
[Plbb]5[Prbb][Pexp][Plbb][Pbeg]sqrt[Plbb][Pbeg]sqrt[Plbb][var1][Prbb][Prbb][Prbb],5的根號根號[var1]次方
[Plbb][Pbeg]frac[Plbb][var1][Prbb][Plbb][var3][Prbb][Prbb][Pexp][Plbb]1[var2][Prbb],[var3]分之[var1]的1[var2]次方
1[Pplu]5,1加5
[Pbeg]tan[Plbb]5[Prbb],tan[Pspa]5
[Pbeg]sqrt[Plbb]0[Prbb],根號0
[Plbb][Pbeg]frac[Plbb][var2][Prbb][Plbb][Pbeg]sin[Plbb]9[var3][Prbb][Prbb][Prbb][Pexp][Plbb][var1][Prbb],sin[Pspa]9[var3][Pspa]分之[var2][Pspa]的[var1]次方
[Plsb][Plsb]2[var2][Prsb][Pplu][Pbeg]frac[Plbb]8[Prbb][Plbb]2[Prbb][Prsb][Pmin][Plbb]9[Prbb][Pexp][Plbb][var1][Prbb],2[var2]加2分之8減9的[var1]次方
[var1][Pmin][Plsb][Pbeg]cos[Plbb][Pbeg]log[Psub][Plbb]9[Prbb]1[Prbb][Prsb],[var1]減cos[Pspa]1以9為底的對數
[Pbeg]tan[Plbb][var1][Prbb],tan[Pspa][var1]
[Pbeg]log[Psub][Plbb][Pbeg]cos[Plbb][Pbeg]sin[Plbb][var2][Prbb][Prbb][Prbb][var1],log[Pspa]cos[Pspa]sin[Pspa][var2][Pspa]的[var1]
[Pbeg]frac[Plbb][var1][Prbb][Plbb][Pbeg]frac[Plbb]3[Prbb][Plbb][Plsb][Pbeg]sqrt[Plbb]11[Prbb][Prsb][var2][Prbb][Prbb],根號11[var2]分之3分之[var1]
[Pbeg]frac[Plbb]5[Prbb][Plbb]9[Prbb],9分之5
[Pbeg]frac[Plbb][var1][Prbb][Plbb][Plbb]9[Prbb][Pexp][Plbb]1[Prbb][Prbb],9的1次方分之[var1]
[Pbeg]frac[Plbb]2[Prbb][Plbb]0[Pmin][var1][Prbb],0減[var1][Pspa]分之2
[Pbeg]cos[Plbb][Pbeg]frac[Plbb][Plbb]2[Prbb][Pexp][Plbb][Pbeg]frac[Plbb]2[Plsb]4[Pplu][var2][Prsb][Prbb][Plbb][var1][Prbb][Prbb][Prbb][Plbb][Pbeg]frac[Plbb]9[Prbb][Plbb]3[Prbb][Prbb][Prbb],cos[Pspa]3分之9[Pspa]分之[Pspa]2的[var1]分之2乘以括號4加[var2]
0[Pplu][Pbeg]frac[Plbb]7[Prbb][Plbb][var1][Prbb],0加[var1]分之7
[Pbeg]tan[Plbb][var1][Prbb],tan[Pspa][var1]
[var1][Pmin]R,[var1]減去[var1]
[Pbeg]log[Psub][Plbb]7[Prbb][var1][Pbeg]frac[Plbb][var3][Prbb][Plbb][var2][Prbb],[var1]又[var2]分之[var3]以7為底的對數
[Plsb][Pbeg]cos[Plbb]3[Prbb][Prsb][Pmin][Plbb]8[Prbb][Pexp][Plbb][Pbeg]pi[Prbb],cos[Pspa]3[Pspa]減8的pi次方
[Pbeg]log[Psub][Plbb][var2][Prbb][var1],log[Pspa][var2][Pspa][var1]
[Pbeg]frac[Plbb]8[Prbb][Plbb][var1][Pmin][var2][Prbb],[var1]減[var2][Pspa]分之8
[Pbeg]log[Psub][Plbb]7[Prbb][var1],log[Pspa]7[Pspa]的[var1]
0[Pplu][Plsb][var1][Pbeg]frac[Plbb][Pbeg]log[Psub][Plbb][var4][Prbb][Plbb]9[Prbb][Pexp][Plbb][var2][Prbb][Prbb][Plbb][var3][Prbb][Prsb],0加[var1]乘以[var3]分之9的[var2]次方以[var4]為底的對數值
[Plsb]0[Pplu][var1][Prsb][Pplu][Pbeg]frac[Plbb][Pbeg]sin[Plbb]7[Prbb][Prbb][Plbb]9[Prbb],0加[var1]加[Pspa]9分之sin[Pspa]7
[Pbeg]cos[Plbb]9[Prbb],cos[Pspa]9
[Plbb][Pbeg]frac[Plbb]4[Prbb][Plbb][var2][Prbb][Prbb][Pexp][Plbb][var1][Prbb],[var2]分之4[Pspa]的[var1]次方
[Pbeg]frac[Plbb]2[Prbb][Plbb]6[Prbb],6分之2
3[Pplu][var1],3加[var1]
[Pbeg]frac[Plbb]9[Prbb][Plbb]8[Prbb],8分之9
[Plbb][var2][Prbb][Pexp][Plbb]3[Pmin][Pbeg]log[Psub][Plbb][Pbeg]pi[Prbb][var1][Prbb],[var2]的3減log[Pspa]pi[Pspa][var1][Pspa]次方
[Pbeg]log[Psub][Plbb][var1][Prbb][Plsb][Plsb][Pbeg]tan[Plbb][var2][Prbb][Prsb][Pplu][Plsb][Pbeg]sin[Plbb]3[Prbb][Prsb][Prsb],tan[Pspa][var2][Pspa]加[Pspa]sin[Pspa]3[Pspa]以[var1]為底的對數
[Pbeg]frac[Plbb]5[Prbb][Plbb][Plbb][Pbeg]log[Psub][Plbb]2[Prbb][var1][Prbb][Pexp][Plbb][var2][Prbb][Prbb],[var1]的[var2]次方以3為底的對數分之5
[Plsb][var3][Pplu][var2][Prsb][Plsb][Pbeg]cos[Plbb][var1][Prbb][Prsb],[var3]加[var2]整個乘以cos[Pspa][var1]
4[Pplu][Plsb][Plsb][Pbeg]cos[Plbb]7[Prbb][Prsb][Pplu]6[Prsb],4加括號cos[Pspa]7[Pspa]加[Pspa]6括號
[Plsb][Pbeg]sin[Plbb][var2][Prbb][Prsb][var1],sin[Pspa][var2][Pspa]乘上[var1]
7[Pplu][Pbeg]log[Psub][Plbb]1[Prbb][var1],7加log[Pspa]1[Pspa][var1]
[Pbeg]tan[Plbb]7[Prbb],tan[Pspa]7
[Pbeg]cos[Plbb][var1][Prbb],cos[Pspa][var1]
[Pbeg]frac[Plbb][Pbeg]pi[Prbb][Plbb][Pbeg]log[Psub][Plbb]0[Prbb][var1][Prbb],pi[Pspa]分之[Pspa][var1]以0為底的對數
[Plsb][Pbeg]sin[Plbb][var1][Prbb][Prsb][var2],sin[Pspa][var1]乘以[var2]
[Pbeg]sin[Plbb][var1][Pplu][var2][Prbb],[var1]加[var2]的sin值
[var1][Pplu][Plsb][Pbeg]cos[Plbb][var2][Prbb][Prsb],[var1]加cos[Pspa][var2]
3[Pbeg]frac[Plbb]0[Prbb][Plbb][Plbb]6[Prbb][Pexp][Plbb]5[Prbb][Prbb],3又6的5次方分之0
[Pbeg]sin[Plbb]6[Prbb],sin[Pspa]6
[Plsb][var1][Pplu][Plsb][Pbeg]tan[Plbb]3[Prbb][Prsb][Prsb][Plsb]5[Pplu]9[Prsb],[var1]加[Pspa]tan[Pspa]3[Pspa]乘以[Pspa]5加9
[Plsb]cp[Prsb][Pmin][Pbeg]frac[Plbb]0[Prbb][Plbb][var1][Prbb],cp減[var1]分之0
[Pbeg]log[Psub][Plbb]2[Prbb]2,log[Pspa]2[Pspa]2
[Pbeg]sin[Plbb]7[Prbb],sin[Pspa]7
[Pbeg]cos[Plbb][Pbeg]sqrt[Plbb][Pbeg]pi[Pbeg]frac[Plbb]2[Prbb][Plbb][var1][Prbb][Prbb][Prbb],cos[Pspa]根號pi的[var1]分之2次方
6[Pmin][Plsb]41[Prsb],6減41
[Pbeg]tan[Plbb]8[Plsb]1[Pplu][Pbeg]log[Psub][Plbb][var2][Prbb][var1][Prsb][Prbb],tan[Pspa]8乘上括號1加log[Pspa][var2][Pspa][var1]
[Pbeg]cos[Plbb]0[Prbb],cos[Pspa]0
[Pbeg]cos[Plbb][var1][Prbb],cos[Pspa][var1]
[Pbeg]frac[Plbb]4[Prbb][Plbb][var2][Pmin][Plsb][Pbeg]pi[Pplu][var1][Prsb][Prbb],[var2]減括號pi加[var1][Pspa]分之4
[Pbeg]log[Psub][Plbb]2[Prbb][var1],[var1]以2為底的對數
[Pbeg]sin[Plbb]7[Prbb],sin[Pspa]7
[Pbeg]frac[Plbb]5[Prbb][Plbb][var1][Prbb],[var1]分之5
[Pbeg]tan[Plbb][var1][Prbb],tan[Pspa][var1]
[Pbeg]log[Psub][Plbb]0[Prbb][var1],[var1]以0為底的對數值
4[Pplu][Plsb][Pbeg]sin[Plbb][var1][Prbb][Prsb],4加[Pspa]sin[Pspa][var1]
[Pbeg]frac[Plbb][Pbeg]sin[Plbb][var1][Prbb][Prbb][Plbb][var2][Prbb],[var2]分之[Pspa]sin[Pspa][var1]
[Plsb][Pbeg]tan[Plbb][var2][Prbb][Prsb][Plsb]9[Plsb][var1][Pmin][var3][Prsb][Prsb],tan[Pspa][var2][Pspa]乘以[Pspa]9[Pspa]乘括號[var1]減[var3]
0[Pplu][var1],0加[var1]
[var2][Plbb][Pbeg]sqrt[Plbb]5[Prbb][Prbb][Pexp][Plbb][var1][Prbb],[var2]根號5的[var1]次方
[Pbeg]sqrt[Plbb]5[Prbb],根號5
[Pbeg]frac[Plbb]5[Pplu][var2][Prbb][Plbb][var1][Prbb],[var1]分之5加[var2]
[Plbb]5[Prbb][Pexp][Plbb][var1][Prbb],5的[var1]次方
[Pbeg]frac[Plbb][var2][Prbb][Plbb][var1][Prbb],[var1]分之[var2]
[Pbeg]log[Psub][Plbb][Pbeg]cos[Plbb]3[Prbb][Prbb][var1],[var1]以cos[Pspa]3為底的對數
[var1][Pplu][Plsb]8[Pmin][var2][Prsb],[var1]加括號8減[var2]
[var2][Pmin][Plsb][Pbeg]cos[Plbb][var1][Prbb][Prsb],[var2]減cos[Pspa][var1]
[Pbeg]sin[Plbb]6[Prbb],sin[Pspa]6
[Pbeg]sin[Plbb][Pbeg]sqrt[Plbb][Pbeg]frac[Plbb]1[Prbb][Plbb]3[Prbb][Prbb][Prbb],sin[Pspa]根號3分之1
[Pbeg]frac[Plbb][Plbb]8[Prbb][Pexp][Plbb][var1][Prbb][Prbb][Plbb][var2][Prbb][var3],[var2]分之8的[var1]次方乘[var3]
7[Pplu][Plsb][Pbeg]tan[Plbb]6[Prbb][Prsb],7加tan[Pspa]6
[Pbeg]tan[Plbb]7[Prbb],tan[Pspa]7
4[Pplu][var1],4加[var1]
yx,yx
7[Pmin][var1],7減[var1]
[Pbeg]sin[Plbb][Plsb][Pbeg]sin[Plbb]1[var2][Prbb][Prsb][var1][Prbb],sin的sin[Pspa]1[var2][Pspa]乘[var1]
[Pbeg]sqrt[Plbb][var1][Prbb],根號[var1]
[Plsb][Pbeg]frac[Plbb][var3][Prbb][Plbb][var1][Prbb][Pmin][var2][Prsb][Plsb]3[Pmin][Pbeg]pi[Prsb],括號[var1]分之[var3]減[var2]括號乘上3減pi
[Pbeg]log[Psub][Plbb][Pbeg]sqrt[Plbb]2[Prbb][Prbb][Plsb]0[Pplu][var1][Prsb],0加[var1]以根號2為底的對數
[Pbeg]tan[Plbb][var1][Prbb],tan[Pspa][var1]
[Plbb]6[Prbb][Pexp][Plbb][Pbeg]frac[Plbb][Pbeg]frac[Plbb][var1][Prbb][Plbb][var2][Prbb][Prbb][Plbb][Pbeg]pi[Prbb][Prbb],6的pi分之[var2]分之[var1]次方
[Pbeg]frac[Plbb]4[Prbb][Plbb][Plbb][var2][Prbb][Pexp][Plbb]0[Pmin][var1][Prbb][Prbb],[var2]的0減[var1][Pspa]分之4
1[Pmin][var1],1減[var1]
[Pbeg]frac[Plbb][var1][Prbb][Plbb][Pbeg]frac[Plbb]1[Prbb][Plbb]7[Plsb][Pbeg]tan[Plbb][var1][Prbb][Prsb][Prbb][Prbb],7乘tan[Pspa][var1][Pspa]分之1[Pspa]分之[var1]
[Pbeg]frac[Plbb]9[Pplu][var1][Prbb][Plbb]tk[Prbb],tk分之9加[var1]
[Pbeg]cos[Plbb][Plsb]9[Pbeg]frac[Plbb]1[Prbb][Plbb][var1][Prbb][Prsb][Pplu][Plsb][Pbeg]sqrt[Plbb][var2][Prbb][Prsb][Prbb],9又[var1]分之1加根號2[Pspa]的cos值
[Pbeg]log[Psub][Plbb]4[Prbb][Pbeg]frac[Plbb][Plbb]9[Prbb][Pexp][Plbb]6[Prbb][Prbb][Plbb][var1][Prbb],[var1]分之9的6次方[Pspa]以4為底的對數
[Pbeg]log[Psub][Plbb]9[Prbb]8,log[Pspa]9[Pspa]8
[Pbeg]log[Psub][Plbb]5[Prbb][var2][Pplu][var1],[var2]以5為底的對數加[var1]
[Pbeg]frac[Plbb]3[Prbb][Plbb][var1][Prbb],[var1]分之3
[Plsb][Pbeg]cos[Plbb][Pbeg]sqrt[Plbb][Pbeg]sin[Plbb]5[Prbb][Prbb][Prbb][Prsb][Plsb]8[Pplu][Plsb][var1][Pplu][var2][Prsb][Prsb],cos[Pspa]根號sin[Pspa]5[Pspa]乘8加括號[var1]加[var2]
[Pbeg]frac[Plbb][Pbeg]log[Psub][Plbb]5[Prbb][var1][Prbb][Plbb][Pbeg]log[Psub][Plbb]2[Prbb][Pbeg]frac[Plbb][var3][Prbb][Plbb][var2][Prbb][Prbb],[var2]分之[var3]以2為底的對數分之[var1]以5為底的對數
6[Pmin]4,6減4
[Pbeg]sqrt[Plbb]4[Prbb],根號4
8[Pbeg]log[Psub][Plbb]0[Prbb]5,8log[Pspa]0[Pspa]5
[Pbeg]frac[Plbb][var1][Prbb][Plbb]zy[Prbb],zy分之[var1]
[Pbeg]cos[Plbb][Pbeg]frac[Plbb]2[Prbb][Plbb][Pbeg]sin[Plbb][var1][Prbb][Prbb][Prbb],cos[Pspa]sin[Pspa][var1][Pspa]分之2
[var1][Pplu]k,[var1]加[var1]
1[Pmin][Pbeg]log[Psub][Plbb][Pbeg]frac[Plbb]4[Prbb][Plbb]2[Prbb][Prbb][var1],1減[var1]以2分之4為底的對數
[Pbeg]log[Psub][Plbb]4[Prbb][var1],log[Pspa]4[Pspa][var1]
[Pbeg]cos[Plbb][var1][Prbb],cos[Pspa][var1]
[Pbeg]cos[Plbb][var1][Prbb],cos[Pspa][var1]
[Pbeg]frac[Plbb]mm[Prbb][Plbb][var1][Prbb],[var1]分之mm
[Pbeg]cos[Plbb][Pbeg]tan[Plbb]6[Prbb][Prbb],cos[Pspa]tan[Pspa]6
[var2][Pmin][Pbeg]frac[Plbb]6[Prbb][Plbb][var1][Prbb],[var2]減[var1]分之6
8[Plsb]2[Pplu]3[Prsb],8乘以括號2加3
[Plsb][Pbeg]pi[Pmin][Plsb]9[Pmin][Plsb][Pbeg]sin[Plbb]1[Prbb][Prsb][Prsb][Prsb][Pplu][Plsb][Pbeg]sqrt[Plbb][var1][Prbb][Prsb],pi減括號9減sin[Pspa]1[Pspa]加根號[var1]
[Pbeg]sin[Plbb][var1][Prbb],sin[Pspa][var1]
[Pbeg]frac[Plbb]7[var2][Prbb][Plbb]2[Pmin][var1][Prbb],2減[var1]分之7[var2]
[Pbeg]frac[Plbb][Pbeg]frac[Plbb]9[Prbb][Plbb]9[Prbb][Prbb][Plbb][var2][Pmin][Plsb]6[Pplu][var1][Prsb][Prbb],[var2]減括號6加[var1]分之[Pspa]9分之9
[Pbeg]cos[Plbb][var1][Prbb],cos[Pspa][var1]
[Plbb][Pbeg]cos[Plbb][var1][Prbb][Prbb][Pexp][Plbb]n[Prbb],cos[Pspa][var1]的[var1]次方
[Pbeg]sin[Plbb][Pbeg]log[Psub][Plbb][var1][Prbb][var2][Prbb],log[Pspa][var1][Pspa][var2][Pspa]的sin值
[Plsb][Plsb][Pbeg]cos[Plbb]9[Prbb][Prsb]6[Prsb][var1],cos[Pspa]9[Pspa]乘6乘[var1]
5[Pmin][Pbeg]frac[Plbb][var2][Prbb][Plbb][Pbeg]sin[Plbb][Plbb][var2][Prbb][Pexp][Plbb][var1][Prbb][Prbb][Prbb],5減sin[Pspa]W的[var1]次方[Pspa]分之[var2]
[Plsb][Pbeg]log[Psub][Plbb][var3][Prbb][var4][Pmin][var2][Prsb][var1],[var4]以[var3]為底的對數減[var2]整個乘[var1]
[var2][Pmin][var1],[var2]減[var1]
[Plbb][var2][Prbb][Pexp][Plbb][Pbeg]sin[Plbb][Plbb][var1][Prbb][Pexp][Plbb][Pbeg]pi[Prbb][Prbb][Prbb],[var2]的sin[Pspa][var1]的pi次方[Pspa]次方
[Plbb][Pbeg]frac[Plbb][Pbeg]sqrt[Plbb]0[Pplu]2[Prbb][Prbb][Plbb]7[Prbb][Prbb][Pexp][Plbb][Pbeg]sqrt[Plbb][var1][Prbb][Prbb],7分之根號0加2[Pspa]的根號[var1]次方
[Pbeg]frac[Plbb]6[Prbb][Plbb][var1][Prbb],[var1]分之6
[Pbeg]frac[Plbb][Pbeg]cos[Plbb]3[Prbb][Prbb][Plbb]9[Prbb],9分之cos[Pspa]3
[Pbeg]frac[Plbb][Plsb]cc[Prsb][var4][Prbb][Plbb][var1][Prbb][Plbb][var3][Prbb][Pexp][Plbb][var2][Prbb],[var1]分之括號cc乘[var4][Pspa]乘以[var3]的[var2]次方
[Plbb]6[Prbb][Pexp][Plbb]4[Prbb],6的4次方
[Plsb][Pbeg]cos[Plbb]3[Prbb][Prsb][Plbb]4[Prbb][Pexp][Plbb][var1][Prbb],cos[Pspa]4[Pspa]乘以[Pspa]4的[var1]次方
[Pbeg]sin[Plbb]8[Prbb],sin[Pspa]8
[Plbb]1[Prbb][Pexp][Plbb][var2][Pmin][var1][Prbb],1的[var2]減[var1]次方
[Plbb][Plbb]3[Prbb][Pexp][Plbb]7[Prbb][Prbb][Pexp][Plbb][var1][Prbb],3的7[var1]次方
[Plbb]8[Prbb][Pexp][Plbb][var1][Prbb],8的[var1]次方
[Plsb]5[Pmin][Plsb]8[Pplu][var2][Prsb][Prsb][Pplu][var1],5減括號8加[var2]整個加[var1]
[Pbeg]cos[Plbb]9[Pplu][var1][Prbb],cos[Pspa]9[Pspa]加[Pspa][var1]
[Plbb]7[Prbb][Pexp][Plbb]3[var1][Prbb],7的3[var1]次方
[Pbeg]sin[Plbb]4[Plsb]1[Pplu]7[Prsb][Prbb],sin[Pspa]4[Pspa]乘括號1加7
[Pbeg]log[Psub][Plbb]2[Prbb][Plbb][var1][Prbb][Pexp][Plbb][Plsb]kz[Prsb][Pplu][var2][Prbb],[var1]的kz次方加[var2][Pspa]以2為底的對數
[var1][Plsb]93[Prsb],[var1]乘93
[Pbeg]frac[Plbb][Pbeg]sin[Plbb]0[Prbb][Prbb][Plbb][var1][Prbb],[var1]分之sin[Pspa]0
[var1][Pmin][Plsb][Pbeg]cos[Plbb][Pbeg]log[Psub][Plbb]7[Prbb]5[Prbb][Prsb],[var1][Pspa]減[Pspa]cos[Pspa]5以7為底的對數
2[Pbeg]log[Psub][Plbb]4[Prbb][Plsb][Pbeg]sqrt[Plbb][var1][Prbb][Prsb],2乘根號[var1]以4為底的對數
[Pbeg]log[Psub][Plbb][Pbeg]frac[Plbb]3[Prbb][Plbb]0[Prbb][Prbb][var1],[var1]以0分之3為底的對數
[Plsb]1[Pplu]0[Prsb][Plsb][Pbeg]tan[Plbb]3[var1][Prbb][Prsb],1加0[Pspa]整個乘[Pspa]tan[Pspa]3[var1]
0[Plbb][Pbeg]frac[Plbb]2[Prbb][Plbb]8[Prbb][Prbb][Pexp][Plbb][Plsb][Pbeg]cos[Plbb]3[Prbb][Prsb][var1][Prbb],0乘8分之2[Pspa]的cos[Pspa]3[Pspa]乘[var1][Pspa]次方
[var2][Pplu][Plbb]4[Pplu][var1][Prbb][Pexp][Plbb]n[Prbb],[var2]加4加[var1]的[var1]次方
[Pbeg]tan[Plbb][var1][Prbb],tan[Pspa][var1]
[Plbb]1[Prbb][Pexp][Plbb]7[Prbb][Pplu][Plbb]9[Prbb][Pexp][Plbb][var1][Prbb],1的7次方加9的[var1]次方
[Pbeg]log[Psub][Plbb]4[Pplu][Plsb]2[var2][Prsb][Prbb][Plsb][var1][Pplu][var3][Prsb],[var1]加[var3]整個以4加2[var2]為底的對數
3[Pmin][Pbeg]frac[Plbb][var1][Prbb][Plbb][var2][Prbb],3減[var2]分之[var1]
[Plbb][Plbb]5[Prbb][Pexp][Plbb]1[Prbb][Prbb][Pexp][Plbb][var1][Prbb],5的1次方的[var1]次方
[Pbeg]log[Psub][Plbb]3[Prbb]0,log[Pspa]3[Pspa]0
3[var1],3[var1]
[Plbb]0[Prbb][Pexp][Plbb]2[Pplu][Pbeg]log[Psub][Plbb]7[Prbb][Pbeg]log[Psub][Plbb][var1][Prbb][Pbeg]log[Psub][Plbb]1[Prbb][var2][Prbb],0的平方加log[Pspa]7[Pspa]log[Pspa][var1][Pspa]log[Pspa]1[Pspa]的[var2]
[Pbeg]sqrt[Plbb][Pbeg]frac[Plbb]5[Prbb][Plbb][var1][Prbb][Prbb],根號[var1]分之5
7[Pmin][var1],7減[var1]
[var2][Pmin][Pbeg]log[Psub][Plbb]0[Prbb][Plbb]1[Prbb][Pexp][Plbb][var1][Prbb],[var2]減[Pspa]1的[var1]次方[Pspa]以0為底的對數
8[Pmin]1,8減[Pspa]1
[Plsb]6[var1][Prsb][Plsb]pw[Prsb],6[var1]乘pw
[Plbb][Pbeg]log[Psub][Plbb][var4][Prbb][Pbeg]frac[Plbb][var1][Prbb][Plbb][var2][Prbb][Prbb][Pexp][Plbb][var3][Prbb],[var2]分之[var1]以[var4]為底的對數整個[var3]次方
3[Plsb][var2][Pplu][var1][Prsb],3乘上括號[var2]加[var1]
[Pbeg]cos[Plbb]7[Prbb],cos[Pspa]7
9[Pmin][Plsb]3[Pmin][Pbeg]log[Psub][Plbb]4[Prbb][var1][Prsb],9減括號3減[var1]以4為底的對數
7[Pmin][Plsb][var1][Pmin][var2][Prsb],7減括號[var1]減[var2]
[Plbb]1[Prbb][Pexp][Plbb][var1][Prbb],1的[var1]次方
[Pbeg]frac[Plbb]6[Prbb][Plbb]9[Prbb],6分之9
[Pbeg]log[Psub][Plbb]0[Prbb][var1],[var1]以0為底的對數
[Pbeg]frac[Plbb]8[Prbb][Plbb][Plsb][Pbeg]sqrt[Plbb][Pbeg]frac[Plbb]6[Prbb][Plbb][var1][Prbb][Prbb][Prsb][Pplu]5[Prbb],根號[var1]分之6加5[Pspa]分之8
[Pbeg]sin[Plbb][var1][Prbb],sin[Pspa][var1]
[Pbeg]cos[Plbb][var1][Prbb],cos[Pspa][var1]
[Pbeg]cos[Plbb]4[Prbb],cos[Pspa]4
[Plsb]1[Pmin][var2][Prsb][var1],1減[var2]整個乘上[var1]
[Plbb]6[Prbb][Pexp][Plbb][Pbeg]log[Psub][Plbb]6[Prbb][var1][Prbb],6的log[Pspa]6[Pspa][var1][Pspa]次方
9[var1],9[var1]
[Plbb][var1][Prbb][Pexp][Plbb][Plbb]2[Prbb][Pexp][Plbb]4[Prbb][Prbb],[var1]的2的4次方
[Pbeg]sqrt[Plbb][var1][Prbb],根號[var1]
[Plbb]5[Prbb][Pexp][Plbb][var1][Prbb],5的[var1]次方
[Pbeg]frac[Plbb]0[Prbb][Plbb][var1][Prbb],[var1]分之0
[Pbeg]frac[Plbb][Plbb][var3][Prbb][Pexp][Plbb][var2][Prbb][Prbb][Plbb][var1][Pplu][Plsb][Pbeg]cos[Plbb]5[Prbb][Prsb][Prbb],[var1]加cos[Pspa]5[Pspa]分之[var3]的[var2]次方
0[Pmin]9,0減9
[Pbeg]cos[Plbb][Pbeg]log[Psub][Plbb][Pbeg]sqrt[Plbb][var1][Prbb][Prbb]8[Prbb],cos[Pspa]8以根號[var1]為底的對數
[Plsb][Plsb][Pbeg]sqrt[Plbb]8[Prbb][Prsb][Pplu][Plsb]0[Pmin][var2][Prsb][Prsb][Pplu][var1],根號8加括號0減[var2]加[var1]
[Pbeg]frac[Plbb][Pbeg]frac[Plbb]9[Prbb][Plbb]4[Pplu]8[Prbb][Prbb][Plbb][Pbeg]frac[Plbb]5[Prbb][Plbb][var1][Prbb][Prbb],[var1]分之5[Pspa]分之[Pspa]4加8[Pspa]分之9
[var1][Pplu][var2],[var1]加[var2]
4[Pplu][Plbb]1[Prbb][Pexp][Plbb]2[Prbb],4加1的平方
[Pbeg]log[Psub][Plbb][Pbeg]cos[Plbb][var1][Prbb][Prbb]6,6以cos[Pspa][var1]為底的對數
9[Pplu][Pbeg]frac[Plbb][Pbeg]sqrt[Plbb]2[Prbb][Prbb][Plbb][var1][Prbb],9加[var1]分之根號2
[Pbeg]frac[Plbb][var1][Prbb][Plbb][var2][Prbb],[var2]分之[var1]
[Pbeg]sqrt[Plbb][var1][Prbb],根號[var1]
[Pbeg]sin[Plbb]4[Prbb],sin[Pspa]4
[Pbeg]cos[Plbb][Pbeg]log[Psub][Plbb]2[Pplu][var2][Prbb][var1][Prbb],[var1]以2加[var2]為底的對數的cos值
[Pbeg]frac[Plbb][var1][Prbb][Plbb][Plsb][Pbeg]tan[Plbb]5[Prbb][Prsb]4[Prbb],tan[Pspa]5[Pspa]乘4[Pspa]分之[var1]
[Pbeg]frac[Plbb][var1][Prbb][Plbb]8[Pplu]8[Prbb],8加8[Pspa]分之[Pspa][var1]
[Pbeg]cos[Plbb]2[Prbb],cos[Pspa]2
[Plbb]8[Prbb][Pexp][Plbb][Pbeg]frac[Plbb]0[Prbb][Plbb]5[Prbb][Prbb],8的5分之0次方
[Plbb]4[Prbb][Pexp][Plbb][var1][Prbb],4的[var1]次方
[Pbeg]cos[Plbb][Pbeg]frac[Plbb]2[Prbb][Plbb]8[Pmin][var1][Prbb][Prbb],cos[Pspa]8減[var1][Pspa]分之2
[Pbeg]tan[Plbb]1[Prbb],tan[Pspa]1
[var1][Pplu][var2],[var1]加[var2]
[Pbeg]log[Psub][Plbb]0[Prbb][var1],[var1]以0為底的對數
[Plbb]1[Prbb][Pexp][Plbb][var2][Prbb][Pmin][var1],1的[var2]次方減[var1]
6[Pmin][Plsb]st[Prsb],6減括號st
[Plbb][Pbeg]cos[Plbb][var2][Prbb][Prbb][Pexp][Plbb][var1][Prbb],cos[Pspa][var2]的[var1]次方
[Plbb]3[Prbb][Pexp][Plbb][Plbb]6[Prbb][Pexp][Plbb]0[Prbb][Prbb],3的6次方的0次方
[Pbeg]tan[Plbb][Pbeg]tan[Plbb]1[Prbb][Prbb],tan[Pspa]tan[Pspa]1
[Pbeg]sqrt[Plbb]9[Prbb],根號9
[Pbeg]tan[Plbb][var1][Prbb],tan[Pspa][var1]
[Pbeg]frac[Plbb]1[Prbb][Plbb][Plbb][var2][Prbb][Pexp][Plbb][var1][Prbb][Prbb],[var2]的[var1]次方[Pspa]分之[Pspa]1
[Pbeg]log[Psub][Plbb][Pbeg]sqrt[Plbb]4[Prbb][Prbb][Plsb][var1][Pplu][Pbeg]pi[Prsb],[var1]加pi以根號4為底的對數
[Pbeg]log[Psub][Plbb][var1][Prbb][Plsb][Pbeg]cos[Plbb]4[Prbb][Prsb][Pplu][Pbeg]pi,cos[Pspa]4[Pspa]以[var1]為底的對數加pi
[Pbeg]log[Psub][Plbb]1[Prbb][Pbeg]log[Psub][Plbb]2[Prbb][Pbeg]log[Psub][Plbb]1[Prbb][var1],[var1]以1為底的對數以2為底再以1為底
[Pbeg]frac[Plbb]0[Prbb][Plbb][var1][Prbb],[var1]分之0
[Pbeg]sqrt[Plbb][Pbeg]frac[Plbb][Pbeg]tan[Plbb][Pbeg]pi[Prbb][Prbb][Plbb]02[Prbb][Prbb],根號02分之tan[Pspa]pi
2[Pmin][Plsb][Pbeg]log[Psub][Plbb][var1][Prbb]rR[Prsb],2減rR以[var1]為底的對數
[Pbeg]frac[Plbb]5[Prbb][Plbb]7[Prbb],7分之5
[Plbb]1[Prbb][Pexp][Plbb][Pbeg]frac[Plbb]4[Prbb][Plbb][var1][Prbb][Prbb],1的[var1]分之4
[Pbeg]cos[Plbb][Pbeg]pi[Prbb],cos[Pspa]pi
[Pbeg]frac[Plbb]6[Prbb][Plbb][Pbeg]frac[Plbb]7[Prbb][Plbb][Pbeg]frac[Plbb]4[Prbb][Plbb]3[Pplu][Pbeg]pi[Prbb][Prbb][Prbb],3加pi分之4分之7分之6
[Plsb]0[Pplu][var2][Prsb][Pmin][var1],括號0加[var2]整個減[var1]
[Pbeg]frac[Plbb]5[Prbb][Plbb]7[Plsb]6[Pplu][var1][Prsb][Prbb],7乘以括號6加[var1][Pspa]分之5
8[Pplu][Plsb]7[var1][Prsb],8加7[var1]
1[Pmin][var1],1減[var1]
[Plbb][var2][Prbb][Pexp][Plbb][var1][Prbb],[var2]分之[var1]
3[Pplu][var1],3加[var1]
0[var1],0[var1]
[Pbeg]frac[Plbb]5[Prbb][Plbb]4[Prbb],4分之5
[var1][Plsb]4[var2][Prsb],[var1]乘以4[var2]
[Pbeg]frac[Plbb]2[var1][Prbb][Plbb]9[Pmin][var2][Prbb],9減[var2]分之2[var1]
[Pbeg]cos[Plbb][var1][Prbb],cos[Pspa][var1]
[Pbeg]sqrt[Plbb][Pbeg]cos[Plbb]2[Prbb][Prbb],根號cos[Pspa]2
[Plbb][Plbb]8[Prbb][Pexp][Plbb][var2][Prbb][Pmin][Pbeg]pi[Prbb][Pexp][Plbb][Plbb]7[var1][Prbb][Pexp][Plbb][Pbeg]frac[Plbb]0[Prbb][Plbb][var3][Prbb][Prbb][Prbb],8的[var2]次方減pi的7[var1]的[var3]分之0次方
[Pbeg]frac[Plbb]0[Pplu][Plsb]0[Pmin]1[Prsb][Prbb][Plbb][var1][Prbb],[var1]分之0加括號0減1
[Pbeg]sqrt[Plbb]3[Prbb],根號3
7[Pplu][var1],7加[var1]
[Plsb][Plsb]78[Prsb][Pplu][Pbeg]frac[Plbb]5[Prbb][Plbb][var1][Prbb][Prsb][var2],78加[var1]分之5整個乘以[var2]
[Pbeg]log[Psub][Plbb]0[Prbb]1,log[Pspa]0[Pspa]1
[Plbb]6[Prbb][Pexp][Plbb][var1][Prbb][Pmin][var2],6的[var1]次方減[var2]
8[Pplu][Plsb][Plsb][Pbeg]tan[Plbb][var1][Pmin][var3][Prbb][Prsb][var2][Prsb],8加括號括號tan[Pspa][var1]減[var3]括號乘[var2]
[Plsb][Pbeg]cos[Plbb][Pbeg]pi[Prbb][Prsb]7,cos[Pspa]pi[Pspa]乘上7
[var2][Pplu][Plsb][var3][Pplu][var1][Prsb],[var2]加括號[var3]加[var1]
[Plbb][Pbeg]log[Psub][Plbb][Pbeg]sin[Plbb][var2][Prbb][Prbb][Plsb][Pbeg]sin[Plbb][var1][Prbb][Prsb][Prbb][Pexp][Plbb]4[var3][Prbb],sin[Pspa][var1][Pspa]的4[var3]次方以sin[Pspa][var2][Pspa]為底的對數
[Pbeg]sin[Plbb][var1][Prbb],sin[Pspa][var1]
[Plbb]1[Prbb][Pexp][Plbb][Pbeg]log[Psub][Plbb][Pbeg]pi[Prbb][var1][Prbb],1的[var1]以pi為底的對數的次方
5[Pplu][Plsb][Pbeg]log[Psub][Plbb][var2][Prbb][var4][Pmin][Plbb][var1][Prbb][Pexp][Plbb][var3][Prbb][Prsb],5加括號log[Pspa][var2][Pspa][var4]減[var1]的[var3]次方
[Plbb]1[Prbb][Pexp][Plbb]08[Prbb],1的08次方
[Pbeg]frac[Plbb]7[Prbb][Plbb][Plbb]5[Prbb][Pexp][Plbb]kx[Prbb][Prbb],5的kx次方[Pspa]分之7
[Plsb][var1][Pplu][Pbeg]frac[Plbb]3[Prbb][Plbb][Pbeg]log[Psub][Plbb]6[Prbb][Pbeg]log[Psub][Plbb]0[Prbb][var3][Prbb][Prsb][Pbeg]frac[Plbb]5[Prbb][Plbb][Pbeg]sin[Plbb][var2][Prbb][Prbb],[var1]加[var3]以0為底再以6為底的對數分之3整個乘上sin[Pspa][var2]分之5
[Pbeg]tan[Plbb][Plsb]wn[Prsb][Pplu][Plsb][Pbeg]sqrt[Plbb]6[Prbb][Prsb][Prbb],tan[Pspa]wn[Pspa]加根號6
[Pbeg]log[Psub][Plbb]9[Prbb][var2][Pplu][Plsb]3[Pplu][var1][Prsb],log[Pspa]9[Pspa][var2][Pspa]加括號3加[var1]
[Pbeg]cos[Plbb]0[Pplu][Plsb]0[Pbeg]frac[Plbb]1[Prbb][Plbb]0[Prbb][Prsb][Prbb],cos[Pspa]0加上[Pspa]0又0分之1
0[var1],0[var1]
ac,ac
[Plsb][var1][Pplu][var2][Prsb][Pmin][Plsb]7[var3][Prsb],括號[var1]加[var2]整個減7[var3]
[Pbeg]log[Psub][Plbb]9[Prbb]0,log[Pspa]9[Pspa]0
[Pbeg]cos[Plbb][var1][Prbb],cos[Pspa][var1]
[Pbeg]tan[Plbb]5[Prbb],tan[Pspa]5
[Pbeg]log[Psub][Plbb][var4][Pmin][var1][Prbb][Plbb][var2][Prbb][Pexp][Plbb][var3][Prbb],[var2]的[var3]次方以[var4]減[var1]為底的對數
[Plsb][var1][Pmin][var3][Prsb][Plsb]3[Pplu][var2][Prsb],括號[var1]減[var3]整個乘3加[var2]
[Pbeg]sin[Plbb][Pbeg]sqrt[Plbb][var1][Prbb][Prbb],sin[Pspa]根號[var1]
1[Pplu]5,1加5
[Pbeg]log[Psub][Plbb][var1][Prbb][Pbeg]pi,pi以[var1]為底的對數
[Plbb][Pbeg]frac[Plbb]5[Prbb][Plbb][Pbeg]tan[Plbb][var1][Prbb][Prbb][Prbb][Pexp][Plbb][Pbeg]tan[Plbb][var3][Pplu][Plsb][Pbeg]sqrt[Plbb][var2][Prbb][Prsb][Prbb][Prbb],tan[Pspa][var1][Pspa]分之5的[Pspa]tan[Pspa][var3]加根號[var2][Pspa]次方
[Pbeg]log[Psub][Plbb]0[Prbb][var1],[var1]以0為底之對數值
6[Pplu][Plsb]7[Pmin][var1][Prsb],6加括號7減[var1]
[Pbeg]sqrt[Plbb]3[Prbb],根號3
[Pbeg]frac[Plbb][var1][Prbb][Plbb]6[var2][Prbb],6[var2]分之[var1]
[Pbeg]log[Psub][Plbb]7[Prbb][Plbb]2[Prbb][Pexp][Plbb][var1][Prbb],2的[var1]次方以7為底之對數
[var1][Plbb]1[Prbb][Pexp][Plbb][var2][Prbb],[var1]乘上1的[var2]次方
[Pbeg]tan[Plbb]7[Prbb],tan[Pspa]7
[Pbeg]sin[Plbb][Pbeg]log[Psub][Plbb]3[var2][Prbb][var1][Prbb],[var1]以3[var2]為底之對數的sin值
[Plbb]3[Prbb][Pexp][Plbb][var1][Prbb][Plsb]3[Pmin][Pbeg]log[Psub][Plbb]8[Prbb][Plsb][Plsb][Pbeg]tan[Plbb]4[Prbb][Prsb][Pmin]3[Prsb][Prsb],3的[var1]次方[Pspa]乘以[Pspa]3減[Pspa]tan4減3[Pspa]以8為底之對數
[Plbb]8[Prbb][Pexp][Plbb][Pbeg]log[Psub][Plbb]1[Prbb][Pbeg]frac[Plbb]1[Prbb][Plbb]1[Prbb][Prbb],8的1分之1[Pspa]以1為底的對數的次方
[Plsb]78[Prsb][var1],78乘[var1]
[Plsb]6[Pplu][var2][Prsb][Pplu][Plbb][var1][Prbb][Pexp][Plbb][var3][Prbb],6加[var2]整個加[var1]的[var3]次方
[Plsb]5[Plsb]3[Pplu][var2][Prsb][Prsb][Pplu][Plsb]0[Pmin][var1][Prsb],5括號3加[var2][Pspa]加括號0減[var1]
[Pbeg]tan[Plbb]4[Prbb],tan[Pspa]4
[var1][Plbb]8[Prbb][Pexp][Plbb]2[Prbb],[var1]乘8的平方
[Pbeg]cos[Plbb][Pbeg]frac[Plbb]7[Prbb][Plbb][var1][Pmin][var2][Prbb][Prbb],[var1]減[var2][Pspa]分之7[Pspa]的cos值
[Pbeg]frac[Plbb][var1][Prbb][Plbb][var2][Prbb],[var2]分之[var1]
[Pbeg]cos[Plbb][var1][Prbb],cos[Pspa][var1]
[Pbeg]log[Psub][Plbb]6[Prbb]7,log[Pspa]6[Pspa]7
1[var1],1[var1]
[var1][Plsb][Plsb][Pbeg]sqrt[Plbb]7[Prbb][Prsb][Pmin][var2][Prsb],[var1]乘以括號根號7減[var2]
sw,[var2][var1]
[Pbeg]frac[Plbb]2[Pplu][var1][Prbb][Plbb][Pbeg]cos[Plbb][Plbb][Pbeg]tan[Plbb]6[Prbb][Prbb][Pexp][Plbb][var2][Prbb][Prbb][Prbb],cos[Pspa]tan[Pspa]6的[var2]次方分之2加[var1]
[Pbeg]cos[Plbb][Pbeg]sqrt[Plbb][Plbb][Pbeg]cos[Plbb]1[Prbb][Prbb][Pexp][Plbb][var1][Pplu][var2][Prbb][Prbb][Prbb],cos根號cos[Pspa]1的[var1]加[var2]次方
[Pbeg]frac[Plbb][var2][Prbb][Plbb][var1][Prbb],[var1]分之[var2]
[var2][Pplu][var1],[var2]加[var1]
[Pbeg]frac[Plbb]5[Prbb][Plbb][var1][Prbb],[var1]分之5
[Plbb]8[Prbb][Pexp][Plbb]6[Pplu][var1][Prbb],8的6加[var1]次方
8[Pplu][Plsb]8[var1][Prsb],8加括號8[var1]
5[Plsb]9[Pplu][var1][Prsb],5乘括號9加[var1]
2[Pmin][Plsb]8[Plsb][Pbeg]sin[Plbb][var1][Prbb][Prsb][Prsb],2減括號8乘sin[Pspa][var1]
[Plbb]5[Prbb][Pexp][Plbb][var1][Prbb][Pplu][Plsb]68[Prsb],5加[var1]分之68
[Plsb]0[var3][Prsb][Pmin][Plsb][var1][Pmin][var2][Prsb],0[var3]減括號[var1]減[var2]
[Plbb][var2][Pmin][var3][Prbb][Pexp][Plbb][Pbeg]cos[Plbb][var1][Prbb][Prbb],[var2]減[var3]的cos[Pspa][var1][Pspa]次方
[Plbb]4[Prbb][Pexp][Plbb][Plbb][var1][Pplu][Plsb]7[Pmin]4[Prsb][Prbb][Pexp][Plbb][Pbeg]frac[Plbb]3[Prbb][Plbb][var2][Prbb][Prbb][Prbb],4的[var1]加括號7減4的[var2]分之3次方
9[Plsb]39[Prsb],9括號39
[Pbeg]frac[Plbb]4[Plsb]1[Pmin][var1][Prsb][Prbb][Plbb][Plbb]6[Prbb][Pexp][Plbb][var2][Prbb][Prbb],6的[var2]次方分之4乘括號1減[var1]
[Pbeg]sqrt[Plbb][Pbeg]log[Psub][Plbb]3[Prbb][var1][Prbb],根號log[Pspa]3[Pspa][var1]
[Pbeg]frac[Plbb]5[Prbb][Plbb]2[Prbb][Plbb][Plbb]2[Prbb][Pexp][Plbb][var1][Prbb][Pplu][var2][Prbb][Pexp][Plbb]8[Pplu]8[Prbb],2分之5乘2的[var1]次方加[var2]的8加8次方
9[Pmin]7,9減7
[Pbeg]log[Psub][Plbb][Pbeg]log[Psub][Plbb]4[Prbb][var2][Prbb][var1],[var1]以log[Pspa]4[Pspa][var2]為底之對數
6[Plsb][Plsb][Pbeg]sin[Plbb]6[Prbb][Prsb][Pmin][var1][Prsb],6乘括號sin[Pspa]6[Pspa]減[var1]
[Plbb]4[Prbb][Pexp][Plbb][Pbeg]log[Psub][Plbb][Pbeg]frac[Plbb]6[Prbb][Plbb][var2][Prbb][Prbb][var1][Prbb],4的log[Pspa][var2]分之6[Pspa][var1][Pspa]次方
[Pbeg]cos[Plbb][Plbb][Pbeg]tan[Plbb]6[Prbb][Prbb][Pexp][Plbb][var1][Prbb][Prbb],cos[Pspa]乘tan[Pspa]6[Pspa]的[var1]次方
8[Pplu][Plsb][var2][Pplu][var1][Prsb],8加括號[var2]加[var1]
[var1][Pplu][Plsb]8[var2][Prsb],[var1]加括號8[var2]
[Pbeg]log[Psub][Plbb][var1][Prbb][Pbeg]frac[Plbb]3[Prbb][Plbb][var2][Prbb],[var2]分之3[Pspa]以[var1]為底的對數
[Pbeg]frac[Plbb]8[Prbb][Plbb]6[Prbb],6分之8
[Pbeg]frac[Plbb]1[Prbb][Plbb]3[Prbb],3分之1
[Pbeg]cos[Plbb][var1][Prbb],cos[Pspa][var1]
4[Pplu][Plsb][var1][Pplu][var2][Prsb],4加括號[var1]加[var2]
[Pbeg]log[Psub][Plbb]9[Prbb][Pbeg]pi,pi以9為底的對數
7[Pplu][Plsb][Pbeg]sqrt[Plbb][var1][Prbb][Prsb],7加括號根號[var1]
[Pbeg]log[Psub][Plbb]8[Prbb][var1],log[Pspa]8[Pspa][var1]
[Pbeg]log[Psub][Plbb][var1][Prbb][var2],log[Pspa][var1][Pspa][var2]
[Pbeg]sqrt[Plbb]40[Prbb],根號40
[Plbb]3[Prbb][Pexp][Plbb][var1][Prbb],3的[var1]次方
7[var1],7[var1]
[Pbeg]log[Psub][Plbb][var2][Prbb][var1],[var1]以[var2]爲底的對數
[Pbeg]cos[Plbb][Pbeg]sqrt[Plbb][var1][Prbb][Prbb],cos[Pspa]根號[var1]
[Pbeg]frac[Plbb][var2][Prbb][Plbb][var1][Prbb],分之[var1]
[Pbeg]log[Psub][Plbb]6[Prbb][var1],[var1]以6爲底的對數
1[Pplu][var1],1加[var1]
[Pbeg]cos[Plbb][Pbeg]frac[Plbb]8[Prbb][Plbb]1[Prbb][Prbb],cos[Pspa]1分之8
[Plsb]2[Pplu][var2][Prsb][Pmin][var1],括號2減[var1]
[Pbeg]log[Psub][Plbb][var1][Prbb][var2],[var2]以[var1]爲底的對數
[var2][Plbb]2[Prbb][Pexp][Plbb][var1][Prbb],[var2]乘以2的[var1]次方
[Plsb][Pbeg]sqrt[Plbb]7[Prbb][Prsb][Pplu]0,括號70
[Plbb][Pbeg]pi[Prbb][Pexp][Plbb][var1][Prbb],pi的[var1]次方
[Pbeg]sin[Plbb][var1][Prbb],sin[Pspa][var1]
6[Plsb][var2][Pplu][var1][Prsb],6乘以括號[var2]加[var1]
[Pbeg]log[Psub][Plbb]1[Prbb][var1],log[Pspa]1[Pspa][var1]
0[Pplu][Plbb]5[Prbb][Pexp][Plbb][var1][Prbb],0加5的[var1]次方
[Pbeg]sqrt[Plbb][Pbeg]frac[Plbb]2[Prbb][Plbb][var1][Prbb][Prbb],根號[var1]分之2
[Pbeg]sin[Plbb]tR[Prbb],sin[Pspa]tR
[Pbeg]sin[Plbb]9[Prbb],sin[Pspa]9
8[Pmin][Plsb]1[Pplu]2[Prsb],8減括號1加2
[Pbeg]frac[Plbb]42[Prbb][Plbb][Plbb]4[Prbb][Pexp][Plbb]bk[Prbb][Prbb],[var2][var1]次方之42
[Pbeg]frac[Plbb][var2][Prbb][Plbb][var1][Prbb],[var1]分之[var2]
[Plsb]57[Prsb][Pmin][Pbeg]frac[Plbb]0[Prbb][Plbb][var1][Pmin][Plsb]1[Pplu]4[Prsb][Prbb],五十七減[var1]減括號1加4分之0
[Pbeg]sin[Plbb][var1][Prbb],sin[Pspa][var1]
[Pbeg]frac[Plbb]8[Prbb][Plbb][var2][Pmin][Plsb][var1][Plsb][Pbeg]sqrt[Plbb]2[Prbb][Prsb][Prsb][Prbb],[var2]減括號[var1]根號2分之8
[Plsb][Pbeg]sqrt[Plbb]7[Prbb][Prsb][Pmin][Plsb]1[Pmin][var1][Prsb],根號7減括號1減[var1]
[Pbeg]log[Psub][Plbb]8[Prbb][Pbeg]frac[Plbb][Pbeg]tan[Plbb]0[Prbb][Prbb][Plbb]6[Prbb],6分之tan[Pspa]0以8爲底的對數
[Pbeg]log[Psub][Plbb]1[Prbb]9[Pmin][Plsb][Pbeg]sin[Plbb]1[Prbb][Prsb],9以1爲底的對數減括號sin[Pspa]1
[Pbeg]log[Psub][Plbb][Pbeg]sqrt[Plbb][var1][Prbb][Prbb][Plsb]39[Prsb],log[Pspa]根號[var1][Pspa]39
[Pbeg]cos[Plbb]1[Pmin][Plsb]7[Pbeg]pi[Prsb][Prbb],cos[Pspa]1減括號7pi
[Plbb]9[Prbb][Pexp][Plbb]7[Prbb],9的7次方
[Plsb][Pbeg]sin[Plbb][var1][Prbb][Prsb][Pmin][var2],括號sin[Pspa][var1]減[var2]
[var1][Pplu][Plbb]1[Prbb][Pexp][Plbb][var2][Prbb],[var1]加1的[var2]次方
[Plsb][Pbeg]cos[Plbb][var1][Prbb][Prsb]6,括號cos[Pspa][var1]乘以6
[Plbb][var2][Prbb][Pexp][Plbb][var1][Prbb],[var2]的[var1]次方
[Plsb][Pbeg]sin[Plbb]0[Prbb][Prsb][Pplu][Plsb]7[Pplu][Pbeg]log[Psub][Plbb][var2][Prbb][var1][Prsb],括號sin[Pspa]0[Pspa]加7加log[Pspa][var2][Pspa][var1]
[Plbb][var1][Prbb][Pexp][Plbb][var2][Prbb][var3],[var1]的[var2]次方乘以[var3]
[Plbb][var2][Prbb][Pexp][Plbb]4[var1][Prbb],[var2]的4[var1]次方
[Pbeg]cos[Plbb][Pbeg]log[Psub][Plbb]0[Prbb][Plsb][var2][Pplu][var1][Prsb][Prbb],[var2]加[var1]以0爲底的對數
4[Pmin][var1],4減[var1]
[Pbeg]frac[Plbb]6[Prbb][Plbb][var1][Prbb],[var1]之6
[Pbeg]log[Psub][Plbb]7[Pmin][var1][Prbb][var2],[var2]以7減[var1]爲底的對數
[Pbeg]frac[Plbb]0[Prbb][Plbb]4[Prbb],分之0
9[Pmin][Plbb][Pbeg]sqrt[Plbb]7[Prbb][Prbb][Pexp][Plbb]zc[Prbb],9減根號7的[var1][var2]次方
[Plbb]9[Prbb][Pexp][Plbb][Plbb][Pbeg]frac[Plbb]5[Prbb][Plbb]4[Prbb][Prbb][Pexp][Plbb][Pbeg]cos[Plbb]5[Prbb][Prbb][Prbb],9的4之5的cos[Pspa]5次方次方
6[Pbeg]frac[Plbb][var1][Prbb][Plbb][Pbeg]cos[Plbb]0[Prbb][Prbb],6乘以cos[Pspa]0之[var1]
[Pbeg]tan[Plbb][Plbb]5[Prbb][Pexp][Plbb][Pbeg]cos[Plbb]0[Pplu][var1][Prbb][Prbb][Prbb],tan[Pspa]5的cos[Pspa]0加[var1]次方
[Pbeg]frac[Plbb]7[Prbb][Plbb][var1][Prbb],[var1]之7
7[Pmin][Plbb][var2][Pmin][var1][Prbb][Pexp][Plbb][var3][Prbb],7減[var2]減[var1]的[var3]次方
[Pbeg]frac[Plbb][var1][Pmin][Plbb]0[Prbb][Pexp][Plbb]0[Prbb][Prbb][Plbb]5[var2][Prbb],5[var2]分之[var1]減0的0次方
[Pbeg]frac[Plbb]9[Prbb][Plbb]5[Prbb],之9
[Plsb][var3][Pmin][var1][Prsb][Pmin][Plsb]8[Pplu][var2][Prsb],括號[var3]減[var1]減括號8加[var2]
9[Pplu][Pbeg]frac[Plbb]4[Prbb][Plbb]3[Prbb],9加3分之4
[Pbeg]tan[Plbb]8[Prbb],tan[Pspa]8
[Pbeg]frac[Plbb][var3][Prbb][Plbb][Pbeg]log[Psub][Plbb][var1][Prbb][var2][Prbb],log[Pspa][var1][Pspa][var2]分之[var3]
[var1][Pbeg]frac[Plbb]6[Prbb][Plbb]2[Prbb],[var1]乘以2分之6
[Pbeg]tan[Plbb]3[Prbb],tan[Pspa]3
4[Pbeg]pi,4pi
8[Pplu][Plsb][Pbeg]tan[Plbb][var1][Prbb][Prsb],8加括號tan[Pspa][var1]
[Plbb]6[Prbb][Pexp][Plbb][Pbeg]sin[Plbb][var1][Prbb][Prbb][var2],6的sin[Pspa][Pspa][var1]次方乘以[var2]
[Plbb]7[Prbb][Pexp][Plbb][var1][Prbb],7的[var1]次方
[Pbeg]sin[Plbb][Plbb][var1][Prbb][Pexp][Plbb][var2][Prbb][Pplu][var3][Prbb],sin[Pspa][var1]的[var2]次方加[var3]
[Pbeg]log[Psub][Plbb][var1][Prbb][Plsb]8[Pplu][Plsb]7[Pmin]3[Prsb][Prsb],8加括號7減3以[var1]爲底的對數
5[var1],5[var1]
[Pbeg]cos[Plbb][Plbb]1[Prbb][Pexp][Plbb][Pbeg]log[Psub][Plbb][var1][Prbb][var2][Prbb][Prbb],cos[Pspa]1的log[Pspa][var1][Pspa][var2]次方
[Pbeg]log[Psub][Plbb][var1][Prbb][Plsb]1[Pmin][var2][Prsb],log[Pspa][var1][Pspa]1減[var2]
[Pbeg]sin[Plbb]8[Prbb],sin[Pspa]8
[var2][Pmin][Pbeg]frac[Plbb][var3][Prbb][Plbb][var1][Prbb],[var2]減[var1]分之[var3]
[Pbeg]log[Psub][Plbb][Pbeg]tan[Plbb][var1][Prbb][Prbb][var2],[var2]以tan[Pspa][var1]爲底的對數
[Plsb][Pbeg]sqrt[Plbb]7[Prbb][Prsb][Pplu][Plsb][Plbb]7[Prbb][Pexp][Plbb][var1][Prbb][Pmin][Pbeg]frac[Plbb]5[Prbb][Plbb][var3][Pplu][var2][Prbb][Prsb],括號根號7加括號7[var1]次方減加[var2]分之5
[Pbeg]sin[Plbb][var1][Pplu][var2][Prbb],sin[Pspa][var1]加[var2]
9[Pmin][Pbeg]log[Psub][Plbb][var1][Prbb][var2],9減log[Pspa][var1][Pspa][var2]
[Pbeg]cos[Plbb]1[Pmin][var1][Prbb],cos[Pspa]1減[var1]
[Plsb]9[Pplu][var1][Prsb][Pmin][Pbeg]log[Psub][Plbb]1[Prbb][var2],括號9加[var1]減log[Pspa]1[Pspa][var2]
1[Pplu][Pbeg]pi,1加pi
3[Pbeg]pi,3pi
[Pbeg]log[Psub][Plbb]1[Prbb]4[Pbeg]frac[Plbb][var2][Prbb][Plbb]4[var1][Prbb],log[Pspa]1[Pspa]4乘以4[var1]分之[var2]
9[Pmin][var1],9減[var1]
2[Pbeg]frac[Plbb]9[Prbb][Plbb][var1][Prbb],2乘以[var1]分之9
[Pbeg]pi[Pmin][Plsb]5[Pplu][var1][Prsb],pi減括號5加[var1]
[Plsb][Pbeg]pi[Pplu][var2][Prsb][var1],括號pi加[var2]乘以[var1]
[Plbb]9[Prbb][Pexp][Plbb][var1][Prbb],9的[var1]次方
by,[var2][var1]
4[Pplu][var1],4加[var1]
[Plbb][var2][Prbb][Pexp][Plbb][var1][Prbb],[var2]的[var1]次方
[Pbeg]sqrt[Plbb]4[Prbb],根號4
[Pbeg]tan[Plbb]0[Prbb],tan[Pspa]0
8[Pbeg]frac[Plbb][var1][Prbb][Plbb][var2][Prbb],8乘以[var2]分之[var1]
[Pbeg]log[Psub][Plbb]0[Prbb][Pbeg]frac[Plbb]2[Prbb][Plbb][Pbeg]cos[Plbb][Pbeg]cos[Plbb][var1][Prbb][Prbb][Prbb],log[Pspa]0[Pspa]cos[Pspa]cos[Pspa][var1]分之2
[var1][Pbeg]frac[Plbb]6[Prbb][Plbb][Plbb]5[Prbb][Pexp][Plbb][Pbeg]frac[Plbb]2[Prbb][Plbb]1[Prbb][Prbb][Prbb],[var1]乘以5的2分之1次方分之6
[Pbeg]log[Psub][Plbb]6[Prbb][Plsb][Pbeg]sin[Plbb][var1][Prbb][Prsb],log[Pspa]6[Pspa]sin[Pspa][var1]
93,93
0[var1],0[var1]
[Pbeg]frac[Plbb][Pbeg]log[Psub][Plbb]5[Prbb][var2][Prbb][Plbb]8[Pmin][var1][Prbb],8減[var1]分之[var2]以5爲底的對數
5[Pmin]2,5減2
[Plsb][Pbeg]tan[Plbb][var1][Prbb][Prsb][Pmin][Pbeg]frac[Plbb]6[Prbb][Plbb]3[Prbb],tan[Pspa]2
[Pbeg]frac[Plbb]5[Prbb][Plbb][var1][Prbb],[var1]分之5
[var1][Pbeg]pi,[var1]pi
[Plsb]2[Pmin]4[Prsb][Pmin][var1],括號2減4減[var1]
[Pbeg]frac[Plbb][var2][Prbb][Plbb]8[Pmin][var1][Prbb],8減[var1]分之[var2]
[Plbb][var2][Prbb][Pexp][Plbb][Plbb][Pbeg]sqrt[Plbb]9[Prbb][Prbb][Pexp][Plbb][var1][Prbb][Prbb],[var2]的根號9的[var1]次方次方
kn,[var2][var1]
[var2][Pplu][var1],[var2]加[var1]
[Pbeg]tan[Plbb][Plsb][Pbeg]sin[Plbb]3[Prbb][Prsb][Pmin]1[Prbb],tan[Pspa]sin[Pspa]3[Pspa]減1
[Pbeg]log[Psub][Plbb][var2][Prbb][Plsb]1[Pmin][Plsb]1[Pplu][var1][Prsb][Prsb],log[Pspa][var2][Pspa]1減括號加[var1]
4[Pmin][Plsb][Pbeg]sqrt[Plbb]2[Prbb][Prsb],4減括號根號2
8[Pplu]6,8加6
[Pbeg]frac[Plbb]2[Pmin][Plsb][var2][Pplu][var1][Prsb][Prbb][Plbb][Plbb]9[Prbb][Pexp][Plbb][var3][Prbb][Prbb],9的[var3]次方分之2減括號[var2]加[var1]
[Pbeg]cos[Plbb][Pbeg]log[Psub][Plbb]6[Prbb]2[Prbb],[var1]2以6爲底的對數
[Pbeg]sqrt[Plbb][var1][Prbb],根號[var1]
[Pbeg]log[Psub][Plbb][Plbb]0[Prbb][Pexp][Plbb]7[Prbb][Prbb][Plsb]2[Pplu]5[Prsb],log[Pspa]
[Pbeg]frac[Plbb]5[Pmin][var1][Prbb][Plbb][Pbeg]log[Psub][Plbb][Pbeg]tan[Plbb][var2][Prbb][Prbb][var3][Prbb],log[Pspa]tan[Pspa][var2][Pspa][var3]分之5減[var1]
[Pbeg]log[Psub][Plbb][var2][Prbb][Pbeg]frac[Plbb]7[Prbb][Plbb][Plbb]2[Prbb][Pexp][Plbb]9[var1][Prbb][Prbb],2的9[var1]次方分之7爲底的對數
[Pbeg]log[Psub][Plbb][Pbeg]cos[Plbb]5[Prbb][Prbb][Plsb]4[Pplu]5[Prsb],log[Pspa]cos[Pspa]5[Pspa]括號4加5
1[Pmin][Plsb][var1][Pmin][var2][Prsb],1減括號[var1]減[var2]
[Pbeg]cos[Plbb]8[Prbb],cos[Pspa]8
[Pbeg]frac[Plbb][var1][Prbb][Plbb][var2][Prbb][Pmin][Plsb]6[Pmin]1[Prsb],[var2]分之[var1]減括號6減1
[Pbeg]tan[Plbb]8[Prbb],tan[Pspa]8
7[Pmin][var1],7減[var1]
[Pbeg]log[Psub][Plbb][var1][Prbb][var2],log[Pspa][var1][Pspa][var2]
[Pbeg]log[Psub][Plbb]2[Prbb][Plsb]3[Pbeg]frac[Plbb][var2][Prbb][Plbb][var1][Prbb][Prsb],3乘以[var1]分之[var2]以2爲底的對數
[Pbeg]log[Psub][Plbb]5[Prbb][var1],log[Pspa]5[Pspa][var1]
[var3][Pmin][Plsb]1[Pbeg]frac[Plbb][var2][Prbb][Plbb][var1][Prbb][Prsb],[var3]減括號1乘以[var1]分之[var2]
1[Pmin][Plsb][Pbeg]sqrt[Plbb][var1][Prbb][Prsb],1減括號根號[var1]
[Pbeg]frac[Plbb][var2][Prbb][Plbb][Pbeg]cos[Plbb]3[var1][Prbb][Prbb],cos[Pspa]3[var1]分之[var2]
[Plbb]8[Prbb][Pexp][Plbb]9[Pmin][Plsb]3[Pplu][Plbb]0[Prbb][Pexp][Plbb][var1][Prbb][Prsb][Prbb],8的9減括號3加0的[var1]次方次方
3[Pplu][var1],3加[var1]
[Pbeg]sqrt[Plbb][Pbeg]frac[Plbb]1[Prbb][Plbb][var1][Prbb][Prbb],根號[var1]分之1
[Pbeg]sin[Plbb]4[Prbb],sin[Pspa]4
[Pbeg]frac[Plbb][var2][Prbb][Plbb][var1][Pplu][Pbeg]log[Psub][Plbb]1[Prbb]a[Prbb],[var1]加log[Pspa]1[Pspa][var2]分之[var2]
[Pbeg]tan[Plbb][Plbb][var1][Prbb][Pexp][Plbb][var2][Prbb][Prbb],tan[Pspa][var1]的[var2]次方
6[Pplu][Pbeg]frac[Plbb]1[Prbb][Plbb][var1][Prbb],6加[var1]分之1
[Pbeg]sin[Plbb][Pbeg]sqrt[Plbb][var1][Prbb][Prbb],sin[Pspa]根號[var1]
[Plbb]5[Prbb][Pexp][Plbb][var1][Prbb][Plsb]6[Pplu][var2][Prsb],5的[var1]次乘以括號6加[var2]
[Pbeg]cos[Plbb][var1][Prbb],cos[Pspa][var1]
[Pbeg]tan[Plbb][Pbeg]sqrt[Plbb][var1][Prbb][Prbb],tan[Pspa]根號[var1]
[Pbeg]tan[Plbb][var1][Prbb],tan[Pspa][var1]
5[Pplu][var1],5加[var1]
[var2][Plsb]0[Pplu][var1][Prsb],以括號0加[var1]
[Pbeg]log[Psub][Plbb]8[Prbb]7,log[Pspa]8[Pspa]7
9[var1],9[var1]
[Pbeg]tan[Plbb][var1][Prbb],tan[Pspa][var1]
[Pbeg]sqrt[Plbb][Pbeg]sin[Plbb][var1][Prbb][Prbb],根號sin[Pspa][var1]
5[Pplu][var1],5加[var1]
7[var1],7[var1]
[Pbeg]sqrt[Plbb]8[var1][Prbb],根號8[var1]
[Plbb][var2][Prbb][Pexp][Plbb][var1][Prbb],[var2]的[var1]次方
[Plsb][var2][Pplu][var3][Prsb][Pplu][var1],括號[var2]加[var3]加[var1]
[Pbeg]frac[Plbb]0[Prbb][Plbb]ns[Prbb],[var1]分之0
2[Pplu][Plsb]1[Pplu][var1][Prsb],2加括號1加[var1]
[Pbeg]cos[Plbb]5[Prbb],cos[Pspa]5
7[Pmin][Plsb][var1][Pmin][Plsb]2[Pmin][Pbeg]pi[Prsb][Prsb],7減括號[var1]減括號2減pi
5[var1],5[var1]
[Pbeg]tan[Plbb]3[Prbb],tan[Pspa]3
[Pbeg]frac[Plbb][var2][Prbb][Plbb][Pbeg]log[Psub][Plbb]9[Prbb][var1][Pmin][Plsb][Pbeg]sin[Plbb]6[Prbb][Prsb][Prbb],log[Pspa]9[Pspa][var1]減括號sin[Pspa]6分之[var2]
[Pbeg]tan[Plbb][Plbb]2[Prbb][Pexp][Plbb][Pbeg]cos[Plbb]3[Prbb][Prbb][Prbb],tan[Pspa]2的cos[Pspa]3次方
[var1][Plsb]9[Pplu][Plbb]7[Prbb][Pexp][Plbb]1[Prbb][Prsb],[var1]乘以括號9加7的1次方
8[Pmin]9,8減9
7[Pplu][Plbb]2[Prbb][Pexp][Plbb]6[Pplu][Pbeg]frac[Plbb]8[Prbb][Plbb][var1][Prbb][Prbb],7加2的6加[var1]分之8次方
[Plbb]9[Prbb][Pexp][Plbb][var1][Prbb],9的[var1]次方
[Plbb]9[Prbb][Pexp][Plbb]0[Prbb][Pplu][Pbeg]frac[Plbb]3[Prbb][Plbb]3[Prbb],9的0次方加3分之3
tc,[var2][var1]
[Pbeg]frac[Plbb]4[Prbb][Plbb][var2][Prbb][Pmin][Plsb]3[Pplu][var1][Prsb],[var2]分之4減括號3加[var1]
[Plbb][var1][Prbb][Pexp][Plbb][Pbeg]pi[Pmin][Plsb]cy[Prsb][Prbb],[var2]的pi減括號[var3][var1]次方
[Pbeg]log[Psub][Plbb][var2][Prbb][var1],log[Pspa][var2][Pspa][var1]
[Pbeg]cos[Plbb][Pbeg]sqrt[Plbb]3[Pplu][Plsb]0[Pplu][var1][Prsb][Prbb][Prbb],cos[Pspa]根號3加括號0加[var1]
[Pbeg]tan[Plbb][Plbb]4[Prbb][Pexp][Plbb][var1][Prbb][Prbb],tan[Pspa]4的[var1]次方
1[var1],1[var1]
[Pbeg]sin[Plbb][Plsb][Pbeg]tan[Plbb][Pbeg]frac[Plbb]8[Prbb][Plbb]2[Prbb][Prbb][Prsb][Pplu]9[Prbb],sin[Pspa]括號tan2分之8加9
[Plbb][var1][Prbb][Pexp][Plbb][Plbb]6[Prbb][Pexp][Plbb]7[Prbb][Prbb],[var1]的6的7次方次方
3[Pplu][var1],3加[var1]
[Pbeg]frac[Plbb][var1][Prbb][Plbb]w[Prbb],[var1]分之[var1]
[Pbeg]log[Psub][Plbb]7[Prbb][Plsb][Pbeg]cos[Plbb]5[Prbb][Prsb],log[Pspa]7[Pspa]括號[Pspa]cos[Pspa]5
[Pbeg]log[Psub][Plbb]4[Prbb][Pbeg]frac[Plbb]3[Prbb][Plbb]0[Prbb],log[Pspa]4[Pspa]0分之3
[Pbeg]log[Psub][Plbb]9[Prbb][var1],log[Pspa]9[Pspa][var1]
[Pbeg]log[Psub][Plbb][var2][Prbb][var1][Pmin][Pbeg]log[Psub][Plbb]6[Prbb][var3],log[Pspa][var2][Pspa][var1][Pspa]減[Pspa]log[Pspa]6[Pspa][var3]
[Pbeg]log[Psub][Plbb][Pbeg]sin[Plbb]1[Prbb][Prbb]4[Pplu][var1],log[Pspa]sin[Pspa]1[Pspa]4加[var1]
[Pbeg]tan[Plbb][Pbeg]cos[Plbb]8[Prbb][Prbb],tan[Pspa]cos[Pspa]8
[Pbeg]frac[Plbb][var2][Prbb][Plbb][var1][Prbb],[var1]分之[var2]
8[Pbeg]log[Psub][Plbb]0[Prbb][Pbeg]frac[Plbb]5[Prbb][Plbb]2[Prbb],8log[Pspa]0[Pspa]2分之5
0[Pmin][Pbeg]log[Psub][Plbb]6[Prbb][var1],0減log[Pspa]6[Pspa][var1]
[Plsb]3[var1][Prsb][Pplu][Pbeg]frac[Plbb]1[Prbb][Plbb][Pbeg]frac[Plbb]0[Prbb][Plbb]8[Prbb][Prbb],括號3[var1]加0分之8分之1
[Pbeg]tan[Plbb][Pbeg]log[Psub][Plbb]8[Prbb][Plsb][var1][Pplu][var2][Prsb][Prbb],tan[Pspa]log[Pspa]8[Pspa]括號[var1]加[var2]
[Pbeg]sin[Plbb]7[Prbb],sin[Pspa]7
[Pbeg]cos[Plbb][var1][Prbb],cos[Pspa][var1]
[Pbeg]frac[Plbb][Pbeg]sin[Plbb]4[Prbb][Prbb][Plbb]3[Pbeg]pi[Prbb],3pi分之sin[Pspa]4
37,37
[Pbeg]frac[Plbb][var2][Prbb][Plbb][var1][Prbb],[var1]分之[var2]
6[Pplu][Plbb]6[Prbb][Pexp][Plbb][var1][Prbb],6加6的[var1]次方
[Pbeg]log[Psub][Plbb][Pbeg]frac[Plbb]2[Prbb][Plbb][var1][Prbb][Prbb][Plsb]9[Pmin]6[Prsb],log[Pspa][var1]分括號9減6
33,33
[Pbeg]log[Psub][Plbb]7[var1][Prbb][var2],log[Pspa]7[var1][Pspa][var2]
[Pbeg]sin[Plbb]3[Pmin]2[Prbb],sin[Pspa]3減2
[Pbeg]sqrt[Plbb]5[Prbb],根號5
[Plbb][Pbeg]tan[Plbb]9[Prbb][Prbb][Pexp][Plbb][Pbeg]tan[Plbb][var1][Prbb][Prbb],tan[Pspa]9的tan[Pspa][var1]次方
[Pbeg]frac[Plbb]6[Pplu][var1][Prbb][Plbb][var2][Prbb],[var2]分之6加[var1]
[Pbeg]log[Psub][Plbb]5[Prbb]3,log[Pspa]5[Pspa]3
[Plbb][Pbeg]pi[Prbb][Pexp][Plbb][var1][Pplu][Plsb][Pbeg]sin[Plbb]7[Prbb][Prsb][Prbb],pi的[var1]加括號sin[Pspa]7[Pspa]次方
[Plbb][var2][Prbb][Pexp][Plbb][Pbeg]tan[Plbb][var1][Prbb][Prbb],[var2]的tan[Pspa][var1]次方
[Pbeg]tan[Plbb][Pbeg]cos[Plbb][Pbeg]pi[Prbb][Prbb],tan[Pspa]cos[Pspa]pi
[Pbeg]cos[Plbb][Pbeg]tan[Plbb][var1][Prbb][Prbb],cos[Pspa]tan[Pspa][var1]
[Pbeg]log[Psub][Plbb][var2][Prbb][var1],[var1]以[var2]爲的對數
[var2][Plsb]6[Pplu][Pbeg]frac[Plbb][var2][Prbb][Plbb][var1][Prbb][Prsb],[var2]乘以括號6加[var1]分之[var2]
7[Plsb][var1][Pmin][var2][Prsb],7乘以括號[var1]減[var2]
[Pbeg]sin[Plbb][Pbeg]sin[Plbb][var1][Prbb][Prbb],sin[Pspa]sin[Pspa][var1]
[Pbeg]log[Psub][Plbb]3[var1][Prbb][var2],log[Pspa]3[var1][Pspa][var2]
[var3][Pmin][Pbeg]log[Psub][Plbb][Pbeg]frac[Plbb]5[Prbb][Plbb][var1][Prbb][Prbb][var2],qb以[var1]分之5爲底的對數
