[Plbb][var1][Prbb][Pexp][Plbb][var2][Prbb][Pplu][Plbb][var3][Prbb][Pexp][Plbb][var2][Prbb][Peql][Plbb][var4][Prbb][Pexp][Plbb]n[Prbb],[var1]的[var2]次方加[var3]的[var2]次方等於[var4]的[var2]次方
[Plbb][var1][Prbb][Pexp]3[Pplu][Plbb][var2][Prbb][Pexp]3[Peql][Plbb][var3][Prbb][Pexp]3,[var1]的三次方加[var2]的三次方等於[var3]的三次方
[Plbb][var1][Prbb][Pexp]2[Pplu][Plbb][var2][Prbb][Pexp]5[Peql][Plbb][var3][Prbb][Pexp]8,[var1]平加[var2]的5次方等於[var3]的8次方
E[Peql]mc[Pexp]2,E等於mc平方
[Pbeg]sqrt[Plbb][Plbb][var1][Prbb][Pexp]2[Pplu]1[Prbb],根號[var1]平方加一
F[Peql]G[Pbeg]left[Plsb][Pbeg]frac[Plbb][Plbb][var1][Prbb][Psub]1[Plbb][var1][Prbb][Psub]2[Prbb][Plbb][Plbb][var2][Prbb][Pexp]2[Prbb][Pbeg]right[Prsb],F等於G乘以[var1]1m2除以[var2]平方
[Pbeg]frac[Plbb]1[Prbb][Plbb]2[Prbb],二分之一
[Pbeg]frac[Plbb]234[Prbb][Plbb]51[Prbb],51分之234
[Pbeg]frac[Plbb]87[Prbb][Plbb]6903[Prbb],六千九百零三分之八十七
[Pbeg]frac[Plbb]32832[Prbb][Plbb]313[Prbb],313分之32832
e[Pexp][Plbb][Pbeg]pii[Prbb][Pplu]1[Peql]0,e的pi乘以i次方加1等於0
2[Plbb][var1][Prbb][Pmin]5[Plbb][var2][Prbb][Peql]8,2[var1]減5[var2]等於8
3[Plbb][var1][Prbb][Pplu]9[Plbb][var2][Prbb][Peql][Pmin]12,3[var1]加9[var2]等於負12
[Plbb][var1][Prbb][Peql][Plbb][var2][Prbb],[var1]等於[var2]
[Plbb][var2][Prbb][Peql][Plbb][var1][Prbb],[var2]等於[var1]
[Plbb][var1][Prbb][Peql][Plbb][var2][Prbb][Pplu][Plbb][var3][Prbb],[var1]加[var2]等於[var3]
2[Plbb][var1][Prbb][Peql][Pmin][Plbb][var2][Prbb],2[var1]等於[var2]
3[Plbb][var2][Prbb][Peql][Pbeg]frac[Plbb]1[Prbb][Plbb]2[Prbb][Plbb][var1][Prbb],3[var2]等於二分之一[var1]
[Plbb][var1][Prbb][Peql][Plbb][var2][Prbb],[var1]等於[var2]
[Plbb][var1][Prbb][Pplu]2[Peql][Pmin]1[Pplu][Plbb]w[Prbb],[var1]加二等於負一加[var1]
ab[Peql]cb,ab等於cb
2[Plbb][var1][Prbb][Pmin]5[Plbb][var2][Prbb][Peql]8,2[var1]減5[var2]等於負八
3[Plbb][var1][Prbb][Pexp]2[Pplu]9[Plbb][var2][Prbb][Peql]3[Plbb][var3][Prbb][Pplu][Plbb][var4][Prbb],3[var1]平方加上9[var2]等於3[var3]加[var4]
3[var1]x[Pplu]4[var2]y[Peql]5[var3]z,3ax加4by等於5cz
[Pbeg]int[Psub][Plbb][Plbb][var2][Prbb][Prbb][Pexp][Plbb][Plbb][var3][Prbb][Prbb][Plbb][var1][Prbb][Pexp]2[Pbeg][Pcom]dx,從[var2]到[var3]，[var1]平方的積分
[Plbb][var1][Prbb][Pexp][Plbb][var3][Prbb][Pplu][Plbb][var4][Prbb][Pexp][Plbb][var3][Prbb][Peql][Plbb][var5][Prbb][Pexp][Plbb][var2][Prbb],[var1]的[var3]次方加[var4]的[var3]次方等於[var5]的[var2]次方
[Plbb][var1][Prbb][Pexp]3[Pplu][Plbb][var2][Prbb][Pexp][Plbb][var4][Prbb][Peql][Plbb][var3][Prbb][Pexp]3,X3方加[var1]的[var3]次方等於[var2]的3次方
[Plbb][var1][Prbb][Pexp]2[Pplu]9[Peql][Plbb][var2][Prbb][Pexp]8,[var1]平方加九等於[var2]8次方
[Plbb][var1][Prbb][Pexp]11[Pplu][Plbb][var2][Prbb][Pexp]9[Peql]73,[var1]加[var2]九次等於73
[Plbb][var1][Prbb][Pexp][Plbb][var1][Prbb][Pplu][Plbb][var3][Prbb][Pexp]3[Peql][Plbb][var4][Prbb][Pexp][Plbb][var2][Prbb],[var1]^[var1]+[var3]^3=[var4]^[var2]
[Plbb][var1][Prbb][Pexp]2[Pplu][Plbb][var2][Prbb][Peql][Plbb][var1][Prbb][Pplu][Plbb][var3][Prbb][Pexp]3,叉平加[var1]等於差加W三方
[Plbb][var2][Prbb][Pexp]3[Pplu][Plbb][var1][Prbb][Peql][Plbb][var4][Prbb][Pexp][Plbb][var3][Prbb],[var2]的三次方加[var1]等於[var4]的[var3]次方
[Plbb][var4][Prbb][Pplu][Plbb][var1][Prbb][Pplu][Plbb][var2][Prbb][Pplu][Plbb][var3][Prbb][Peql][Pbeg]pi,[var4]加[var1]加[var2]加[var3]等於拍
[Plbb][var1][Prbb][Pplu][Plbb][var3][Prbb][Pplu][Plbb][var4][Prbb][Peql][Plbb][var2][Prbb][Pbeg]pi,[var1]加[var2]加[var3]等於npi
[Plbb][var1][Prbb][Pexp][Plbb][var2][Prbb][Pbgr][Pbeg]frac[Plbb][Plbb][var1][Prbb][Prbb][Plbb][Plbb][var1][Prbb][Pplu][Plbb][var2][Prbb][Prbb],[var1]的[var2]次方大於[var1]加[var2]分之[var1]
xy[Pexp]2[Pplu][Plbb][var1][Prbb][Pexp]2[Plbb][var2][Prbb][Pbeg]leq0,[var1]乘[var2]平方加[var1]平方乘[var2]小於等於0
ax[Pexp][Plbb]2[Prbb][Pplu]bx[Pplu][Plbb][var1][Prbb][Peql]5,ax平方加bx加[var1]等於5
[Plbb][var2][Prbb][Plsb][Plbb][var1][Prbb][Pmin][Plbb][var3][Prbb][Prsb][Plsb][Plbb][var1][Prbb][Pmin][Plbb][var4][Prbb][Prsb][Peql]0,[var2]乘以[var1]減[var3]乘以[var1]減[var4]
[Plbb][var1][Prbb][Pexp][Plbb]2[Prbb][Pplu][Plbb][var2][Prbb][Peql]pz,[var1]平方加[var2]等於pz
[Plbb][var1][Prbb][Peql][Pbeg]sqrt[Plbb][Pbeg]theta[Prbb][Pbeg]tan[Pbeg]theta,[var1]等於根號西塔tan西塔
[Pbeg]tan2[Pbeg]theta[Peql]2[Pbeg]frac[Plbb][Pbeg]sqrt[Plbb]ac[Prbb][Prbb][Plbb][Plbb][var1][Prbb][Prbb],tan二theta等於2根號括號ac括號除以[var1]
[Plbb][var3][Prbb][Peql][Plbb][Pbeg]sqrt[Plbb][Plbb][Pbeg]frac[Plbb][Plbb][var2][Prbb][Prbb][Plbb][Plbb][var1][Prbb][Prbb][Prbb][Prbb][Prbb],[var3]等於根號[var2]除以[var1]
[Plbb][var2][Prbb][Peql][Plbb][var4][Prbb][Plsb][Plbb][var1][Prbb][Pmin]h[Prsb][Pexp]2[Pplu][Plbb][var3][Prbb],[var2]等於[var4]括號[var1]減h平方加[var3]
[Plbb][var1][Prbb][Pexp][Plbb]4[Prbb][Pplu][Plbb][var2][Prbb][Pexp][Plbb]4[Prbb][Peql][Plbb][var3][Prbb][Pexp][Plbb]2[Prbb],[var1]四次加[var2]四次等於[var3]平方
[Plbb][var1][Prbb][Pbeg]equiv1[Pbeg];mod[Pbeg];4,[var1]同餘一mod四
[Pbeg]sqrt[Plbb][Plbb][var1][Prbb][Pexp]3[Pplu]1[Prbb],根號[var1]立方加一
[Pbeg]sqrt[Plbb][Plbb][var1][Prbb][Pexp]2[Pplu]2[Plbb][var1][Prbb][Pplu]1[Prbb],根號[var1]平方加2[var1]加1
[Pbeg]sqrt[Plbb][Plbb][var1][Prbb][Pexp]e[Pplu][Pbeg]pi[Prbb],根號[var1]的e次方加pi
[Pbeg]sqrt[Plbb][Pbeg]pi[Pexp]3[Pplu]31[Prbb],根號下拍三次加31
[Pbeg]sqrt[Plbb][Pbeg]sqrt[Plbb][Plbb][var1][Prbb][Pexp]4[Pplu]6[Prbb][Prbb],根號的根號[var1]四加六
[Pbeg]sqrt[Plbb][Plbb][var1][Prbb][Pplu][var1][Pexp]5[Pplu]3[Prbb],根號[var1]加x的五次加三
[Pbeg]sqrt[Plbb][Plbb][var1][Prbb][Pexp]3[Plbb][var2][Prbb][Pexp]2[Pplu][Plbb][var1][Prbb][Pexp]2[Prbb],根號[var1]三[var2]二加[var1]平
[Pbeg]sqrt[Plbb][Plbb][var1][Prbb][Pexp]2[Plbb][var2][Prbb][Pexp]4[Plbb][var3][Prbb][Pexp]6[Prbb],根號的[var1]平方[var2]四次[var3]六次
[Pbeg]sqrt[Plbb][Plbb][var1][Prbb][Pexp]3[Pplu][Plbb][var2][Prbb][Pexp]3[Pplu][Plbb][var3][Prbb][Pexp]3[Prbb],根號[var1]三加[var2]三加[var3]三
[Pbeg]sqrt[Plbb][Plsb][Plbb][var1][Prbb][Pplu][Plbb][var2][Prbb][Pplu][Plbb][var3][Prbb][Prsb][Pexp][Plbb]3[Prbb][Prbb],根號[var1]加[var2]加[var3]的三次方
[Pbeg]sqrt[Plbb][Pbeg]sin[Plsb][Pbeg]frac[Plbb][Pbeg]pi[Prbb][Plbb]3[Prbb][Prsb][Prbb],根號sin的3分之pi
[Pbeg]sqrt[Plbb]ax[Pexp][Plbb]2[Prbb][Pplu]bx[Pplu][Plbb][var1][Prbb][Prbb],根號ax平方加bx加[var1]
[Pbeg]sqrt[Plbb][Plbb][var2][Prbb][Plsb][Plbb][var1][Prbb][Pmin][Plbb][var3][Prbb][Prsb][Plsb][Plbb][var1][Prbb][Pmin][Plbb][var4][Prbb][Prsb][Prbb],"[var1]加[var2],[var3]加[var4]等於ac加ad加bc加bd"
[Pbeg]sqrt[Plbb][Plbb][var1][Prbb][Pexp][Plbb]2[Prbb][Pplu][Plbb][var2][Prbb][Prbb],根號[var1]平方加[var2]
[Pbeg]sqrt[Plbb][Plbb][var1][Prbb][Psub]1[Pplu][Plbb][var1][Prbb][Psub]2[Pplu][Plbb][var1][Prbb][Psub]3[Prbb],根號[var1]1加[var1]2加[var1]3
[Pbeg]sqrt[Plbb]mc[Pexp]2[Prbb],根號下mc平方
[Pbeg]frac[Plbb]1[Prbb][Plbb]2[Prbb],二分之一
[Pbeg]frac[Plbb]234[Prbb][Plbb]51[Prbb],51分之234
[Pbeg]frac[Plbb]87[Prbb][Plbb]6903[Prbb],87除以6903
[Pbeg]frac[Plbb]32832[Prbb][Plbb]313[Prbb],313分之32832
[Pbeg]frac[Plbb][Pbeg]pi[Pexp]2[Prbb][Plbb]4[Prbb],四分之拍平方
[Pbeg]frac[Plbb][Pbeg]sqrt[Plbb][Plbb][var1][Prbb][Pexp]2[Pplu]2[Plbb][var1][Prbb][Pplu]1[Prbb][Prbb][Plbb][Plbb][var1][Prbb][Pplu]3[Prbb],[var1]加三分之根號[var1]平加二[var1]加一
[Pbeg]frac[Plbb][Plbb][var1][Prbb][Pexp]3[Pplu]1[Prbb][Plbb][Plbb][var1][Prbb][Pplu]1[Prbb],[var1]三加一除以[var1]加一
[Pbeg]frac[Plbb][Plbb][var1][Prbb][Pexp]2[Plbb][var2][Prbb][Pexp]4[Prbb][Plbb][Plbb][var1][Prbb][Pexp]3[Plbb][var2][Prbb][Pexp]2[Prbb],[var1]平[var2]四次方除以[var1]三次方[var2]平方
[Pbeg]frac[Plbb]4[Prbb][Plbb][Pbeg]pi[Pexp]2[Prbb],pi平方分之4
[Pbeg]frac[Plbb]71[Prbb][Plbb][Pbeg]sqrt[Plbb]153[Prbb][Prbb],根號153分之71
[Pbeg]frac[Plbb]41[Prbb][Plbb]467[Prbb],四十一除以四六七
[Pbeg]frac[Plbb]34[Prbb][Plbb]500[Prbb],五百分之三十四
[Pbeg]frac[Plbb]69[Prbb][Plbb]724[Prbb],724分之69
[Pbeg]frac[Plbb]78[Prbb][Plbb]358[Prbb],78除以358
[Pbeg]frac[Plbb]62[Prbb][Plbb]464[Prbb],464分之62
[Pbeg]frac[Plbb]5[Prbb][Plbb]145[Prbb],145分之5
[Pbeg]frac[Plbb]81[Prbb][Plbb]827[Prbb],81除以827
[Pbeg]frac[Plbb]61[Prbb][Plbb]491[Prbb],491分之61
[Pbeg]frac[Plbb]95[Prbb][Plbb]942[Prbb],942分之96
[Pbeg]frac[Plbb]27[Prbb][Plbb]436[Prbb],436分之27
P[Psub][Plbb][Plbb][var2][Prbb][Prbb][Pexp][Plbb][Plbb][var1][Prbb][Prbb],Pn取[var1]
P[Psub][Plbb][Plbb][var1][Prbb][Prbb][Pexp][Plbb][Plbb][var2][Prbb][Prbb],[var2]個相異物中選[var1]個排列
P[Psub][Plbb]9[Prbb][Pexp][Plbb]9[Prbb],[var1]九取九
P[Psub][Plbb]3[Prbb][Pexp][Plbb]5[Prbb],P5取3
P[Psub][Plbb]12[Prbb][Pexp][Plbb][Plbb][var1][Prbb][Prbb],pn取12
C[Psub][Plbb][Plbb][var2][Prbb][Prbb][Pexp][Plbb][Plbb][var1][Prbb][Prbb],Cn取[var1]
C[Psub][Plbb][Plbb][var1][Prbb][Prbb][Pexp][Plbb][Plbb][var2][Prbb][Prbb],Cb取[var1]
C[Psub][Plbb]5[Prbb][Pexp][Plbb]12[Prbb],C12取5
C[Psub][Plbb]3[Prbb][Pexp][Plbb][Plbb][var1][Prbb][Prbb],cn取三
C[Psub][Plbb][Plbb][var1][Prbb][Prbb][Pexp][Plbb]7[Prbb],C7取[var1]
e[Pexp][Plbb][Pbeg]pii[Prbb][Pplu]1[Peql]0,e的pii次方加一等於0
2[Plbb][var1][Prbb][Pmin]5[Plbb][var2][Prbb][Peql]8,2[var1]減5[var2]等於8
3[Plbb][var1][Prbb][Pplu]9[Plbb][var2][Prbb][Peql][Pmin]12,三[var1]加九[var2]等於負十二
[Plbb][var1][Prbb][Peql][Plbb][var2][Prbb],[var1]等於[var2]
[Plbb][var2][Prbb][Peql][Plbb][var1][Prbb],[var2]等於[var1]
[Plbb][var1][Prbb][Peql][Plbb][var2][Prbb][Pplu][Plbb][var3][Prbb],[var1]等於[var2]加[var3]
2[Plbb][var1][Prbb][Peql][Pmin][Plbb][var2][Prbb],2[var1]等於負[var2]
3[Plbb][var2][Prbb][Peql][Pbeg]frac[Plbb]1[Prbb][Plbb]2[Prbb][Plbb][var1][Prbb],三[var2]等於二分之一[var1]
[Plbb][var1][Prbb][Peql][Plbb][var2][Prbb],[var1]等於[var2]
[Pmin]4[Pplu]5[Plbb][var1][Prbb][Peql]2[Pplu][Plbb][var2][Prbb],負四加五[var1]等於二加[var2]
[Plbb][var1][Prbb][Pplu]2[Peql][Pmin]1[Pplu][Plbb]w[Prbb],[var1]加2等於-1加[var1]
ab[Peql]cb,ab等於cb
2[Plbb][var1][Prbb][Pmin]5[Plbb][var2][Prbb][Peql]8,二[var1]減5[var2]等於八
3[Plbb][var1][Prbb][Pexp]2[Pplu]9[Plbb][var2][Prbb][Peql]3[Plbb][var3][Prbb][Pplu][Plbb][var4][Prbb],3[var1]平方加9[var2]等於3[var3]加[var4]
3[var1]x[Pplu]4[var2]y[Peql]5[var3]z,三ax加四by等於五cz
[Plbb][var1][Prbb][Pplu][Plbb][var2][Prbb][Pplu][Plbb][var3][Prbb][Ples]8,[var1]加[var2]加[var3]小於8
[Plbb][var1][Prbb][Pexp]2[Ples]2[Plbb][var1][Prbb][Pplu]9,[var1]平方小於2[var1]加9
[Plbb][var1][Prbb][Pexp]3[Pplu]5[Plbb][var2][Prbb][Pplu][Plbb][var1][Prbb][Pexp]2[Pplu]6[Pbeg]geq0,[var1]立方加5[var2]加[var1]平方加6大於等於0
[Plbb][var1][Prbb][Pexp]2[Plbb][var2][Prbb][Pexp]5[Pplu]7[var1]y[Pbeg]leq0,[var1]平方乘[var2]的五次方加7xy小於等於0
abx[Pmin][Plbb][var2][Prbb][Peql][Plbb][var1][Prbb][Pexp]2,abx減[var2]等於[var1]平方
4[Plbb][var1][Prbb][Peql][Pbeg]frac[Plbb]5[Prbb][Plbb]2[Prbb],4[var1]等於2分之五
[Pbeg]log[Psub][Plbb][var1][Prbb][Plbb][var2][Prbb],"log,[var1],[var2]"
[Pbeg]log[Psub][Plbb]10[Prbb]100,log10100
[Pbeg][Plbb][var1][Prbb][Pexp][Plbb][Pbeg]log[Psub][Plbb]10[Prbb][Plbb][var1][Prbb][Prbb],skip
[Pbeg]log[Psub][Plbb][var1][Prbb]10[Pplu][Pbeg]log[Psub][Plbb][var2][Prbb]10,loga10加logb10
[Pbeg]log[Psub][Plbb]10[Prbb][Plbb][var1][Prbb][Peql][Pbeg]log[Psub][Plbb]100[Prbb][Plbb][var1][Prbb][Pexp]2,[var1]取對數等於[var1]平方去取以100為底的對數
[Plbb][var1][Prbb][Psub]1[Pplu][Plbb][var1][Prbb][Psub]2[Pplu][Plbb][var1][Prbb][Psub]3[Peql]5,[var1]1加[var1]2加[var1]3等於5
[Plbb][var1][Prbb][Psub]1[Pplu][Plbb][var1][Prbb][Psub]3[Pplu][Plbb][var1][Prbb][Psub]5[Peql]7,aone加[var1]三加[var1]五等於七
[Plbb][var4][Prbb][Pplu][Plbb][var5][Prbb][Pplu][Plbb][var6][Prbb][Pplu][Plbb][var7][Prbb][Peql][Plbb][var1][Prbb][Pplu][Plbb][var2][Prbb][Pplu][Plbb][var3][Prbb],[var4]加[var5]加[var6]加[var7]等於[var1]加[var2]加[var3]
[Plbb][var1][Prbb][Pexp][Plbb][var2][Prbb][Pplu][Pbeg]log[Psub][Plbb]10[Prbb][Plbb][var3][Prbb],[var1]的[var2]加log10[var3]
[Pbeg]frac[Plbb][Pbeg]sin[Plsb][Plbb][var1][Prbb][Prsb][Prbb][Plbb][Pbeg]cos[Plsb][Plbb][var1][Prbb][Prsb][Prbb][Peql][Pbeg]tan[Plsb][Plbb]x[Prbb][Prsb],sinx除以cosx等於tanx
[Pbeg]frac[Plbb][Pbeg]log[Psub][Plbb][Plbb][var1][Prbb][Prbb][Plbb][var2][Prbb][Prbb][Plbb][Pbeg]log[Psub][Plbb][Plbb][var2][Prbb][Prbb][Plbb][var1][Prbb][Prbb],logba分之logab
[Pbeg]sum[Psub][Plbb][Plbb][var1][Prbb][Peql]1[Prbb][Pexp][Plbb]100[Prbb][Plbb]n[Prbb],從1加到100
[Pbeg]sum[Psub][Plbb][Plbb][var1][Prbb][Peql]0[Prbb][Pexp][Plbb]50[Prbb]2[Pexp][Plbb]n[Prbb],二的五十一次方減一
[Pbeg]sum[Psub][Plbb][Plbb][var2][Prbb][Peql]1[Prbb][Pexp][Plbb][Plbb][var1][Prbb][Prbb][Plbb][var2][Prbb]2[Pexp][Plbb][Plbb][var2][Prbb][Pmin]1[Prbb],"sigmak等於一,[var1],[var2]乘以二的[var2]減一次"
[Pbeg]sum[Psub][Plbb][Plbb][var2][Prbb][Peql]15[Prbb][Pexp][Plbb]83[Prbb]2[Plbb][var1][Prbb][Pplu]1,2[var1]+1，[var1]代十五至八三的和
E[Peql]mc[Pexp]2,能量等於mc平方
[Plbb][var2][Prbb][Peql][Plbb][var1][Prbb][Pexp][Plbb]2[Prbb][Plbb][var3][Prbb][Pexp][Plbb]2[Prbb],[var2]等於[var1]平方乘[var3]平方
F[Peql]G[Pbeg]left[Plsb][Pbeg]frac[Plbb][Plbb][var1][Prbb][Psub]1[Plbb][var1][Prbb][Psub]2[Prbb][Plbb][Plbb][var2][Prbb][Pexp]2[Prbb][Pbeg]right[Prsb],F等於Gm1[var1]2除以[var2]平方
A[Peql][Pbeg]frac[Plbb][Pbeg]pi[Plbb][var1][Prbb][Pexp]2[Prbb][Plbb]2[Prbb],A等於拍[var1]平方除以二
A[Peql][Pbeg]frac[Plbb]1[Prbb][Plbb]2[Prbb][Pbeg]pi[Plbb][var1][Prbb][Pexp]2,A等於二分之一pir平方
[Pbeg]sin[Plsb][Plbb][var1][Prbb][Pplu][Plbb][var2][Prbb][Prsb][Peql][Pbeg]sin[Plbb][var1][Prbb][Pbeg]cos[Plbb][var2][Prbb][Pplu][Pbeg]cos[Plbb][var2][Prbb][Pbeg]sin[Plbb]a[Prbb],sin的[var1]+[var2]等於sinacosb加cosbsina
[Pbeg]cos[Plsb][Plbb][var1][Prbb][Pplu][Plbb][var2][Prbb][Prsb][Peql][Pbeg]cos[Plbb][var1][Prbb][Pbeg]cos[Plbb][var2][Prbb][Pmin][Pbeg]sin[Plbb][var1][Prbb][Pbeg]sin[Plbb]b[Prbb],cos([var1]+[var2])=cosacosb−sinasinb
[Pbeg]sin[Plsb][Plbb][var1][Prbb][Pplu][Plbb][var2][Prbb][Prsb][Peql][Pbeg]sin[Plbb][var1][Prbb][Pbeg]cos[Plbb][var2][Prbb][Pplu][Pbeg]cos[Plbb][var2][Prbb][Pbeg]sin[Plbb]x[Prbb],sinx加[var1]等於sinxcosy加cosysinx
[Pbeg]cos[Plsb][Plbb][var1][Prbb][Pplu][Plbb][var2][Prbb][Prsb][Peql][Pbeg]cos[Plbb][var1][Prbb][Pbeg]cos[Plbb][var2][Prbb][Pmin][Pbeg]sin[Plbb][var1][Prbb][Pbeg]sin[Plbb]y[Prbb],cosx加[var1]等於cosxcosy-sinxsiny
[Pbeg]sin[Pexp]2[Plsb][Plbb][var1][Prbb][Prsb][Pplu][Pbeg]cos[Pexp]2[Plsb][Plbb][var1][Prbb][Prsb][Peql]1,sin平方[var1]加cos平方[var1]等於一
[Pbeg]sin[Plsb]2[Plbb][var1][Prbb][Prsb][Peql]2[Pbeg]cos[Plbb][var1][Prbb][Pbeg]sin[Plbb]x[Prbb],sin二[var1]等於二cossinx
[Pbeg]sin[Plsb][Pbeg]frac[Plbb][Pbeg]pi[Prbb][Plbb]3[Prbb][Prsb],sin的3分之pi
[Pbeg]cos[Plsb][Pbeg]frac[Plbb][Pbeg]pi[Prbb][Plbb]4[Prbb][Prsb][Pplu][Pbeg]sin[Plsb][Pbeg]pi[Prsb],cos四分之pi加sinx
[Pbeg]int[Psub][Plbb][Plbb][var2][Prbb][Prbb][Pexp][Plbb][Plbb][var3][Prbb][Prbb][Plbb][var1][Prbb][Pexp]2[Pbeg][Pcom]dx,[var1]的平方從ㄟ積到逼
[Pbeg]int[Psub][Plbb]0[Prbb][Pexp][Plbb]1[Prbb][Plbb][var1][Prbb][Pexp]3[Pplu][Plbb][var1][Prbb][Pbeg][Pcom]dx,[var1]三+[var1]對x從0積到1
[Pbeg]int[Psub][Plbb]0[Prbb][Pexp][Plbb][Plbb][var2][Prbb][Prbb][Pbeg]sin[Plbb][var1][Prbb][Pbeg][Pcom]dx,sinxdx從0積到[var1]
[Pbeg]int[Psub][Plbb]1[Prbb][Pexp][Plbb][Plbb][var1][Prbb][Prbb][Pbeg]frac[Plbb]1[Prbb][Plbb][Plbb][var2][Prbb][Prbb][Pbeg][Pcom]dy,1/[var2]對y從1積到[var1]
[Pbeg]int[Psub][Plbb][Plbb][var2][Prbb][Prbb][Pexp][Plbb][Plbb][var3][Prbb][Prbb][Plbb][var1][Prbb][Pexp]3[Pplu]5[Plbb][var2][Prbb][Pbeg][Pcom]dy,[var1]三次方加5[var2]對[var1]從[var2]積分到[var3]
[Pbeg]int[Psub][Plbb]2[Prbb][Pexp][Plbb]50[Prbb][Plbb][var1][Prbb][Pexp]2[Pplu][Plbb][var1][Prbb][Pbeg][Pcom]dx,[var1]平加[var1]從2積到50
[Pbeg]int[Psub][Plbb][Pmin][Plbb][var1][Prbb][Prbb][Pexp][Plbb]1[Prbb][Plbb][var2][Prbb][Pexp]3[Pplu]2[Plbb][var2][Prbb][Pexp]2[Pbeg][Pcom]dz,[var3]三加二[var3]平對[var2]從負[var1]積到一
[Pbeg]int[Psub][Plbb][Pmin]10[Prbb][Pexp][Plbb]0[Prbb][Plbb][var2][Prbb][Pexp]2[Pplu][Plbb][var1][Prbb][Pbeg][Pcom]dz,[var2]平方加[var1]，z從-10到0
[Plbb][var3][Prbb][Peql][Plbb][var1][Prbb][Pexp][Plbb]2[Prbb][Pplu][Plbb][var2][Prbb][Pexp][Plbb]2[Prbb],[var3]等於[var1]平方加[var2]平方
[Plbb][var2][Prbb][Pexp][Plbb][Plbb][var1][Prbb][Pmin]1[Prbb][Pbeg]equiv1[Plbb][Pbeg]pmod[Plbb][Plbb][var1][Prbb][Prbb][Prbb],[var2]的[var1]-1次以[var1]除時同餘1
[Plbb][var1][Prbb][Peql][Pbeg]sqrt[Plbb][Plbb][var2][Prbb][Prbb],[var1]等於根號[var2]
[Pbeg]sin[Pexp][Plbb]2[Prbb][Pbeg]theta[Pplu][Pbeg]cos[Pexp][Plbb]2[Prbb][Pbeg]theta[Peql]1,"同角度下,正弦函數與餘弦函數平方和等於一"
[Pbeg]sqrt[Plbb]1[Pmin][Pbeg]cos[Pexp]2[Pbeg]theta[Prbb][Peql][Pbeg]sin[Pbeg]theta,Skip
[Pbeg]sqrt[Plbb]1[Pmin][Pbeg]sin[Pexp]2[Pbeg]theta[Prbb][Peql][Pbeg]cos[Pbeg]theta,根號一減sine平方theta等於costheta
[Pbeg]sin[Plsb][Plbb][var1][Prbb][Pplu][Plbb][var2][Prbb][Prsb][Pbeg]sin[Plsb][Plbb][var1][Prbb][Pmin][Plbb][var2][Prbb][Prsb][Peql][Pbeg]sin[Pexp][Plbb]2[Prbb][Plbb][Plbb][var1][Prbb][Prbb][Pmin][Pbeg]sin[Pexp][Plbb]2[Prbb][Plbb][Plbb]y[Prbb][Prbb],sinx加ysinx減[var2]等於sin平[var1]減sin平[var2]
[Pbeg]sin[Plsb][Plbb][var1][Prbb][Pplu][Plbb][var2][Prbb][Prsb][Pbeg]sin[Plsb][Plbb][var1][Prbb][Pmin][Plbb][var2][Prbb][Prsb][Peql][Pbeg]cos[Pexp][Plbb]2[Prbb][Plbb][Plbb][var2][Prbb][Prbb][Pmin][Pbeg]cos[Pexp][Plbb]2[Prbb][Plbb][Plbb]x[Prbb][Prbb],sinx加ysinx減[var2]等於cos平[var2]減cos平[var1]
[Plbb][var1][Prbb][Pexp][Plbb][Plbb][var2][Prbb][Pplu][Plbb][var3][Prbb][Prbb][Peql][Plbb][var1][Prbb][Pexp][Plbb][Plbb][var2][Prbb][Prbb][Plbb][var1][Prbb][Pexp][Plbb][Plbb][var3][Prbb][Prbb],[var1]的[var2]加[var3]次方等於[var1]的[var2]次程已[var1]的[var3]次
[Plsb][Plbb][var1][Prbb][Pplu][Plbb][var2][Prbb][Prsb][Plsb][Plbb][var3][Prbb][Pplu][Plbb][var4][Prbb][Prsb][Peql]ac[Pplu]ad[Pplu]bc[Pplu]bd,[var1]加[var2]乘以[var3]加[var4]等於ac加ad加bc加bd
[Plsb][Plbb][var1][Prbb][Pplu][Plbb][var2][Prbb][Prsb][Pexp]2[Peql][Plbb][var1][Prbb][Pexp]2[Pplu]2[var1]b[Pplu][Plbb][var2][Prbb][Pexp]2,[var1]+[var2]的平方等於[var1]平方加2ab加[var2]平方
[Plsb][Plbb][var1][Prbb][Pplu][Plbb][var2][Prbb][Pplu][Plbb][var3][Prbb][Prsb][Pexp]2[Peql][Plbb][var1][Prbb][Pexp]2[Pplu][Plbb][var2][Prbb][Pexp]2[Pplu][Plbb][var3][Prbb][Pexp]2[Pplu]2[var1]b[Pplu]2bc[Pplu]2ca,[var1]加[var2]加[var3]平方等於[var1]平方加[var2]平方加[var3]平方加二ab加二bc加二ca
[Plsb][Plbb][var1][Prbb][Pmin][Plbb][var2][Prbb][Prsb][Pexp]2[Peql][Plbb][var1][Prbb][Pexp]2[Pmin]2[var1]b[Pplu][Plbb][var2][Prbb][Pexp]2,[var1]減[var2]括號平方等於[var1]平減貳ab加[var2]平
[Plsb][Plbb][var1][Prbb][Pmin][Plbb][var2][Prbb][Pmin][Plbb][var3][Prbb][Prsb][Pexp][Plbb]2[Prbb][Peql][Plbb][var1][Prbb][Pexp][Plbb]2[Prbb][Pplu][Plbb][var2][Prbb][Pexp][Plbb]2[Prbb][Pplu][Plbb][var3][Prbb][Pexp][Plbb]2[Prbb][Pmin]2[var1]b[Pmin]2ac[Pplu]2cb,skip
[Plbb][var1][Prbb][Pexp][Plbb]2[Prbb][Pmin][Plbb][var2][Prbb][Pexp][Plbb]2[Prbb][Peql][Plsb][Plbb][var1][Prbb][Pplu][Plbb][var2][Prbb][Prsb][Plsb][Plbb][var1][Prbb][Pmin][Plbb]b[Prbb][Prsb],[var1]平減[var2]平等於[var1]+[var2]乘[var1]-[var2]
[Plsb][Plbb][var1][Prbb][Pplu][Plbb][var2][Prbb][Prsb][Pexp][Plbb]3[Prbb][Peql][Plbb][var1][Prbb][Pexp][Plbb]3[Prbb][Pplu]3[Plbb][var1][Prbb][Pexp][Plbb]2[Prbb][Plbb][var2][Prbb][Pplu]3[var1]b[Pexp][Plbb]2[Prbb][Pplu][Plbb][var2][Prbb][Pexp][Plbb]3[Prbb],[var1]加[var2]三次等於[var1]三加三[var1]平[var2]加三ab平加[var2]三
[Plsb][Plbb][var1][Prbb][Pmin][Plbb][var2][Prbb][Prsb][Pexp][Plbb]3[Prbb][Peql][Plbb][var1][Prbb][Pexp][Plbb]3[Prbb][Pmin]3[Plbb][var1][Prbb][Pexp][Plbb]2[Prbb][Plbb][var2][Prbb][Pplu]3[var1]b[Pexp][Plbb]2[Prbb][Pmin][Plbb][var2][Prbb][Pexp][Plbb]3[Prbb],[var1]減[var2]完全立方等於[var1]三次減三[var1]平[var2]加三ab平減[var2]三次
[Plbb][var1][Prbb][Pexp][Plbb]3[Prbb][Pplu][Plbb][var2][Prbb][Pexp][Plbb]3[Prbb][Peql][Plsb][Plbb][var1][Prbb][Pplu][Plbb][var2][Prbb][Prsb][Pexp][Plbb]3[Prbb][Pmin]3[var1]b[Plsb][Plbb][var1][Prbb][Pplu][Plbb]b[Prbb][Prsb],[var1]3方加[var2]3方等於括號[var1]加[var2]的三次方減3ab乘以括號[var1]加[var2]
[Plbb][var1][Prbb][Pexp][Plbb]3[Prbb][Pmin][Plbb][var2][Prbb][Pexp][Plbb]3[Prbb][Peql][Plsb][Plbb][var1][Prbb][Pmin][Plbb][var2][Prbb][Prsb][Pexp][Plbb]3[Prbb][Pplu]3[var1]b[Plsb][Plbb][var1][Prbb][Pmin][Plbb][var2][Prbb][Prsb][Plbb][var1][Prbb][Pexp][Plbb]3[Prbb][Pplu][Plbb][var2][Prbb][Pexp][Plbb]3[Prbb][Pplu][Plbb][var3][Prbb][Pexp][Plbb]3[Prbb][Pmin]3[var1]bc[Peql][Plsb][Plbb][var1][Prbb][Pplu][Plbb][var2][Prbb][Pplu][Plbb][var3][Prbb][Prsb][Plsb][Plbb][var1][Prbb][Pexp][Plbb]2[Prbb][Pplu][Plbb][var2][Prbb][Pexp][Plbb]2[Prbb][Pplu][Plbb][var3][Prbb][Pexp][Plbb]2[Prbb][Pmin]ab[Pmin]bc[Pmin]ca[Prsb],skip
[Plbb][var1][Prbb][Pexp][Plbb]4[Prbb][Pplu][Plbb][var1][Prbb][Pexp][Plbb]2[Prbb][Plbb][var2][Prbb][Pexp][Plbb]2[Prbb][Pplu][Plbb][var2][Prbb][Pexp][Plbb]4[Prbb][Peql][Plsb][Plbb][var1][Prbb][Pexp][Plbb]2[Prbb][Pplu]ab[Pplu][Plbb][var2][Prbb][Pexp][Plbb]2[Prbb][Prsb][Plsb][Plbb][var1][Prbb][Pexp][Plbb]2[Prbb][Pmin]ab[Pplu][Plbb][var2][Prbb][Pexp][Plbb]2[Prbb][Prsb],[var1]四次加[var1]平[var2]平加[var2]四次等於[var1]平加ab加[var2]平乘以[var1]平減ab加[var2]平
[Plbb][var1][Prbb][Pexp][Plbb]2[Prbb][Pplu][Plbb][var2][Prbb][Pexp][Plbb]2[Prbb][Peql][Plsb][Plbb][var1][Prbb][Pplu][Plbb][var2][Prbb][Prsb][Pexp][Plbb]2[Prbb][Pmin]2ab,[var1]平方加[var2]平方等於[var1]加[var2]平方減2ab
[Plbb][var1][Prbb][Pexp][Plbb]2[Prbb][Pplu][Plbb][var2][Prbb][Pexp][Plbb]2[Prbb][Peql][Plsb][Plbb][var1][Prbb][Pmin][Plbb][var2][Prbb][Prsb][Pexp][Plbb]2[Prbb][Pplu]2ab,[var1]平方加[var2]平方等於[var1]減[var2]平方加2ab
[Plsb][Plbb][var1][Prbb][Pplu][Plbb][var2][Prbb][Pplu][Plbb][var3][Prbb][Prsb][Pexp][Plbb]3[Prbb][Peql][Plbb][var1][Prbb][Pexp][Plbb]3[Prbb][Pplu][Plbb][var2][Prbb][Pexp][Plbb]3[Prbb][Pplu][Plbb][var3][Prbb][Pexp][Plbb]3[Prbb][Pplu]3[Plsb][Plbb][var1][Prbb][Pplu][Plbb][var2][Prbb][Prsb][Plsb][Plbb][var2][Prbb][Pplu][Plbb][var3][Prbb][Prsb][Plsb][Plbb][var1][Prbb][Pplu][Plbb]c[Prbb][Prsb],skip
[Plsb][Plbb][var1][Prbb][Pplu][Plbb][var2][Prbb][Pplu][Plbb][var3][Prbb][Prsb][Pexp]2[Peql][Plbb][var1][Prbb][Pexp]2[Pplu][Plbb][var2][Prbb][Pexp]2[Pplu][Plbb][var3][Prbb][Pexp]2[Pplu]2[var1]b[Pplu]2bc[Pplu]2ca,skip
[Plbb][var1][Prbb][Pexp][Plbb]2[Prbb][Pmin][Plbb][var2][Prbb][Pexp][Plbb]2[Prbb][Peql][Pbeg]left[Plsb][Plbb][var1][Prbb][Pplu][Plbb][var2][Prbb][Pbeg]right[Prsb][Pbeg]left[Plsb][Plbb][var1][Prbb][Pmin][Plbb][var2][Prbb][Pbeg]right[Prsb],"[var1]平減[var2]平等於[var1]加[var2],[var1]減[var2]"
[Plbb][var1][Prbb][Pexp]4[Pplu][Plbb][var1][Prbb][Pexp]2[Plbb][var2][Prbb][Pexp]2[Pplu][Plbb][var2][Prbb][Pexp]4[Peql][Plsb][Plbb][var1][Prbb][Pexp]2[Pplu]ab[Pplu][Plbb][var2][Prbb][Pexp]2[Prsb][Plsb][Plbb][var1][Prbb][Pexp]2[Pmin]ab[Pplu][Plbb]b[Prbb][Pexp]2[Prsb],"[var1]四加[var1]二[var2]二加[var2]四等於[var1]平加ab加[var2]平,[var1]平減ab減[var2]平"
[Plbb][var1][Prbb][Pexp]3[Pplu][Plbb][var2][Prbb][Pexp]3[Pplu][Plbb][var3][Prbb][Pexp]3[Peql][Plsb][Plbb][var1][Prbb][Pplu][Plbb][var2][Prbb][Pplu][Plbb][var3][Prbb][Prsb][Pexp]3[Pplu]3[Plsb][Plbb][var1][Prbb][Pplu][Plbb][var2][Prbb][Pplu][Plbb][var3][Prbb][Prsb][Plsb][Pmin]ab[Pmin]bc[Pmin]ca[Prsb][Pplu]3abc,"[var1]三加[var2]三加[var3]三等於[var1]加[var2]加[var3]三加三[var1]加[var2]加b,負ab減bc減ca加三abc"
C[Peql]2[Pbeg]pi[Plbb][var1][Prbb],[var1]等於二pir
C[Peql][Pbeg]pi[Plbb][var1][Prbb],[var1]等於pid
A[Peql][Pbeg]pi[Plbb][var1][Prbb][Pexp][Plbb]2[Prbb],A等於pir平方
A[Peql]4[Pbeg]pi[Plbb][var1][Prbb][Pexp][Plbb]2[Prbb],[var1]等於四pir平
e[Pexp][Plbb][Plbb]i[Pbeg]pi[Prbb][Prbb][Pplu]1[Peql]0,e的ipi次方加一等於零
e[Pexp][Plbb][Plbb]i[Pbeg]pi[Prbb][Prbb][Peql][Pmin]1,e的ipi等於負一
T[Peql]2[Pbeg]pi[Plbb][Pbeg]sqrt[Plbb][Pbeg]frac[Plbb]L[Prbb][Plbb]g[Prbb][Prbb][Prbb],[var1]等於2pi乘以根號L除以g
[Pbeg]DeltaH[Peql][Plbb][var1][Prbb][Pbeg]cdot[Plbb][var2][Prbb][Pbeg]cdot[Pbeg]DeltaT,DeltaH等於msDeltaT
[Plbb][var1][Prbb][Pbeg]cdot[Plbb][var2][Prbb][Pbeg]cdot[Plbb][var3][Prbb][Peql][Plbb][var4][Prbb],abc等於[var1]
[Plbb][var1][Prbb][Pbeg]cdot[Plbb][var2][Prbb][Peql][Plbb][var3][Prbb][Pbeg]cdot[Plbb][var4][Prbb],ab等於cd
[Plbb][var1][Prbb][Pbeg]cdot[Plbb][var2][Prbb][Pbeg]geq1,xy大於等於1
xy[Pbeg]geq1,[var1]乘[var2]大於等於1
V[Peql][Pbeg]left[Plsb][Pbeg]frac[Plbb]4[Prbb][Plbb]3[Prbb][Pbeg]right[Prsb][Pbeg]pi[Plbb][var1][Prbb][Pexp]3,v等於括號三分之四pir三方
1[Peql][Pbeg]frac[Plbb]T[Pexp][Plbb]2[Prbb][Prbb][Plbb][Plbb][var1][Prbb][Pexp][Plbb]3[Prbb][Prbb],一等於[var2]三分之[var1]平方
e[Peql][Pbeg]frac[Plbb]C[Pexp][Plbb]2[Prbb][Prbb][Plbb]GMm[Pexp][Plbb]2[Prbb][Prbb],e等於[var2]平方除以G大[var1]小m平方
2[Plbb][var2][Prbb][Pmin]5[Plbb][var1][Prbb][Peql][Plbb][var3][Prbb],2[var2]減5[var1]等於[var3]
3[Plbb][var1][Prbb][Peql]12[Pplu]6[Plbb][var3][Prbb][Pplu][Plbb][var2][Prbb],三[var1]等於十二加六[var3]加[var2]
[Plbb][var1][Prbb][Peql][Plbb][var2][Prbb][Pplu][Plbb][var3][Prbb][Pplu][Plbb][var4][Prbb],[var1]等於[var2]加[var3]加[var4]
[Plbb][var1][Prbb][Peql][Pbeg]frac[Plbb][Pbeg]pi[Prbb][Plbb]2[Prbb][Plbb][var2][Prbb],[var1]等於二分之pit
[Plbb][var1][Prbb][Pexp]h[Pplu][Plbb][var2][Prbb][Pexp]g[Peql]h[Pexp]u,[var1]的h次方加[var2]的g次方等於h的u次方
[Plsb][Plbb][var1][Prbb][Pmin][Plbb][var2][Prbb][Pmin][Plbb][var3][Prbb][Prsb][Pexp][Plbb]2[Prbb],[var1]減[var2]減[var3]括平
[Plsb][Plbb][var1][Prbb][Pmin]h[Pmin][Plbb][var2][Prbb][Prsb][Pexp][Plbb]2[Prbb],[var1]減h減[var2]括號平
[Plbb][var1][Prbb][Pexp][Plbb]2[Prbb][Pplu][Plbb][var2][Prbb][Pexp][Plbb]2[Prbb][Pplu][Plbb][var3][Prbb][Pexp][Plbb]2[Prbb][Pmin]2[var1]b[Pmin]2ac[Pplu]2cb,skip
g[Pexp][Plbb]2[Prbb][Pplu]h[Pexp][Plbb]2[Prbb][Pplu]u[Pexp][Plbb]2[Prbb][Pmin]2gh[Pmin]2gu[Pplu]2uh,g平h平u平二gh2gu2uh後貳後三用減其他用加
[Plbb][var1][Prbb][Pexp][Plbb]2[Prbb][Pmin][Plbb][var2][Prbb][Pexp][Plbb]2[Prbb],[var1]平方減[var2]平方
[Plbb][var1][Prbb][Pexp][Plbb]2[Prbb][Pmin]e[Pexp][Plbb]2[Prbb],[var1]平減e平
[Plsb][Plbb][var1][Prbb][Pplu][Plbb][var2][Prbb][Prsb][Plsb][Plbb][var1][Prbb][Pmin][Plbb][var2][Prbb][Prsb],"[var1]加[var2],[var1]減[var2]"
[Plsb][Plbb][var1][Prbb][Pplu]l[Prsb][Plsb][Plbb][var1][Prbb][Pmin]l[Prsb],[var1]加l乘以[var1]減l
[Plsb][Plbb][var1][Prbb][Pplu][Plbb][var2][Prbb][Prsb][Pexp][Plbb]3[Prbb],[var1]加[var2]的三次方
[Plsb]l[Pplu]f[Prsb][Pexp][Plbb]3[Prbb],l加f的三次方
[Plbb][var1][Prbb][Pexp][Plbb]3[Prbb][Pplu]3[Plbb][var1][Prbb][Pexp][Plbb]2[Prbb][Plbb][var2][Prbb][Pplu]3[var1]b[Pexp][Plbb]2[Prbb][Pplu][Plbb][var2][Prbb][Pexp][Plbb]3[Prbb],skip
[Plbb][var1][Prbb][Pexp][Plbb]3[Prbb][Pplu]3[Plbb][var1][Prbb][Pexp][Plbb]2[Prbb]f[Pplu]3[var1]f[Pexp][Plbb]2[Prbb][Pplu]f[Pexp][Plbb]3[Prbb],[var1]三方加3[var1]平方f加3xf平方加f3方
[Plsb][Plbb][var1][Prbb][Pmin][Plbb][var2][Prbb][Prsb][Pexp][Plbb]3[Prbb],[var1]減[var2]的三次方
[Plsb][Plbb][var2][Prbb][Pmin][Plbb][var1][Prbb][Prsb][Pexp][Plbb]3[Prbb],[var2]減[var1]三次方
[Plbb][var1][Prbb][Pexp][Plbb]3[Prbb][Pmin]3[Plbb][var1][Prbb][Pexp][Plbb]2[Prbb][Plbb][var2][Prbb][Pplu]3[var1]b[Pexp][Plbb]2[Prbb][Pmin][Plbb][var2][Prbb][Pexp][Plbb]3[Prbb],[var1]三減三[var1]平方[var2]加三ab平方減[var2]三
[Plbb][var2][Prbb][Pexp][Plbb]3[Prbb][Pmin]3[Plbb][var2][Prbb][Pexp][Plbb]2[Prbb][Plbb][var1][Prbb][Pplu]3[var2]c[Pexp][Plbb]2[Prbb][Pmin][Plbb][var1][Prbb][Pexp][Plbb]3[Prbb],[var2]三次減三[var2]平[var1]加三sc平減[var1]三
[Plbb][var1][Prbb][Pexp][Plbb]3[Prbb][Pplu][Plbb][var2][Prbb][Pexp][Plbb]3[Prbb],[var1]三加[var2]三
g[Pexp][Plbb]3[Prbb][Pplu]g[Pexp][Plbb]3[Prbb],g三加g三
[Plsb][Plbb][var1][Prbb][Pplu][Plbb][var2][Prbb][Prsb][Pexp][Plbb]3[Prbb][Pmin]3[var1]b[Plsb][Plbb][var1][Prbb][Pplu][Plbb][var2][Prbb][Prsb],[var1]加[var2]括三減三ab括號[var1]加[var2]
[Plsb][Plbb][var1][Prbb][Pplu][Plbb][var2][Prbb][Prsb][Pexp][Plbb]3[Prbb][Pmin]3[var1]k[Plsb][Plbb][var1][Prbb][Pplu][Plbb][var2][Prbb][Prsb],[var1]加[var2]三次減三wk括號[var1]加[var2]
[Plbb][var1][Prbb][Pexp][Plbb]3[Prbb][Pmin][Plbb][var2][Prbb][Pexp][Plbb]3[Prbb],[var1]三減[var2]三
[Plbb][var1][Prbb][Pexp][Plbb]3[Prbb][Pmin][Plbb][var2][Prbb][Pexp][Plbb]3[Prbb],[var1]的三次方減[var2]的三次方
[Plsb][Plbb][var1][Prbb][Pmin][Plbb][var2][Prbb][Prsb][Pexp][Plbb]3[Prbb][Pplu]3[var1]b[Plsb][Plbb][var1][Prbb][Pmin][Plbb][var2][Prbb][Prsb],"[var1]減[var2]括三加三ab,[var1]減[var2]括號"
[Plsb]u[Pmin][Plbb][var1][Prbb][Prsb][Pexp][Plbb]3[Prbb][Pplu]3ux[Plsb]u[Pmin][Plbb][var1][Prbb][Prsb],u減[var1]三次加三ux括號u減[var1]
[Plbb][var1][Prbb][Pexp][Plbb]3[Prbb][Pplu][Plbb][var2][Prbb][Pexp][Plbb]3[Prbb][Pplu][Plbb][var3][Prbb][Pexp][Plbb]3[Prbb][Pmin]3abc,[var1]三加[var2]三加[var3]三減三abc
f[Pexp][Plbb]3[Prbb][Pplu][Plbb][var1][Prbb][Pexp][Plbb]3[Prbb][Pplu]f[Pexp][Plbb]3[Prbb][Pmin]3fnf,f的三次方加[var1]的三次方加f的三次方減3fnf
[Plbb][var1][Prbb][Pplu][Plbb][var2][Prbb][Pplu][Plbb][var3][Prbb],[var1]加[var2]加[var3]
[Plbb][var1][Prbb][Pexp][Plbb]2[Prbb][Pplu][Plbb][var2][Prbb][Pexp][Plbb]2[Prbb][Pplu][Plbb][var3][Prbb][Pexp][Plbb]2[Prbb][Pmin]ab[Pmin]bc[Pmin]ca,[var1]平加[var2]平加[var3]平減ab減bc減ca
o[Pplu][Plbb][var1][Prbb][Pplu]v,o加[var1]加v
o[Pexp][Plbb]2[Prbb][Pplu][Plbb][var1][Prbb][Pexp][Plbb]2[Prbb][Pplu]v[Pexp][Plbb]2[Prbb][Pmin]oz[Pmin]zv[Pmin]vo,o平加[var1]平加v平減oz減zv減vo
[Plbb][var1][Prbb][Pexp][Plbb]4[Prbb][Pplu][Plbb][var1][Prbb][Pexp][Plbb]2[Prbb][Plbb][var2][Prbb][Pexp][Plbb]2[Prbb][Pplu][Plbb][var2][Prbb][Pexp][Plbb]4[Prbb],[var1]四次加[var1]平[var2]平加[var2]四次
[Plbb][var2][Prbb][Pexp][Plbb]4[Prbb][Pplu][Plbb][var2][Prbb][Pexp][Plbb]2[Prbb][Plbb][var1][Prbb][Pexp][Plbb]2[Prbb][Pplu][Plbb][var1][Prbb][Pexp][Plbb]4[Prbb],[var2]四次加[var2]平[var1]平加[var1]四次
[Plsb][Plbb][var1][Prbb][Pexp][Plbb]2[Prbb][Pplu]ab[Pplu][Plbb][var2][Prbb][Pexp][Plbb]2[Prbb][Prsb][Plsb][Plbb][var1][Prbb][Pexp][Plbb]2[Prbb][Pmin]ab[Pplu][Plbb][var2][Prbb][Pexp][Plbb]2[Prbb][Prsb],[var1]平方加ab加[var2]平方乘以[var1]平方減ab加[var2]平方
[Plsb][Plbb][var1][Prbb][Pexp][Plbb]2[Prbb][Pplu]kj[Pplu]j[Pexp][Plbb]2[Prbb][Prsb][Plsb][Plbb][var1][Prbb][Pexp][Plbb]2[Prbb][Pmin]kj[Pplu]j[Pexp][Plbb]2[Prbb][Prsb],orz
[Plbb][var1][Prbb][Pexp][Plbb]2[Prbb][Pplu][Plbb][var2][Prbb][Pexp][Plbb]2[Prbb],[var1]平加[var2]平
[Plbb][var1][Prbb][Pexp][Plbb]2[Prbb][Pplu]e[Pexp][Plbb]2[Prbb],[var1]平加e平
[Plsb][Plbb][var1][Prbb][Pplu][Plbb][var2][Prbb][Prsb][Pexp][Plbb]2[Prbb][Pmin]2ab,[var1]加[var2]平方減2ab
[Plbb][var1][Prbb][Pexp][Plbb]2[Prbb][Pplu][Plbb][var2][Prbb][Pexp][Plbb]2[Prbb],[var1]平方
[Plbb][var2][Prbb][Pexp][Plbb]2[Prbb][Pplu][Plbb][var1][Prbb][Pexp][Plbb]2[Prbb],[var2]平加[var1]平
[Plsb][Plbb][var1][Prbb][Pmin][Plbb][var2][Prbb][Prsb][Pexp][Plbb]2[Prbb][Pplu]2ab,[var1]減[var2]平加二ab
[Plsb][Plbb][var1][Prbb][Pmin]v[Prsb][Pexp][Plbb]2[Prbb][Pplu]2rv,[var1]減v括號平方加二rv
[Plsb][Plbb][var1][Prbb][Pplu][Plbb][var2][Prbb][Pplu][Plbb][var3][Prbb][Prsb][Pexp][Plbb]3[Prbb],[var1]加[var2]加[var3]完全立方
[Plsb][Plbb][var3][Prbb][Pplu][Plbb][var2][Prbb][Pplu][Plbb][var1][Prbb][Prsb][Pexp][Plbb]3[Prbb],[var3]加[var2]加[var1]的三次方
[Plbb][var1][Prbb][Pexp][Plbb]3[Prbb][Pplu][Plbb][var2][Prbb][Pexp][Plbb]3[Prbb][Pplu][Plbb][var3][Prbb][Pexp][Plbb]3[Prbb][Pplu]3[Plsb][Plbb][var1][Prbb][Pplu][Plbb][var2][Prbb][Prsb][Plsb][Plbb][var2][Prbb][Pplu][Plbb][var3][Prbb][Prsb][Plsb][Plbb][var1][Prbb][Pplu][Plbb]c[Prbb][Prsb],[var1]三加[var2]三加[var3]三加三[var1]加bb加ca加[var3]
[Plbb][var2][Prbb][Pexp][Plbb]3[Prbb][Pplu][Plbb][var3][Prbb][Pexp][Plbb]3[Prbb][Pplu][Plbb][var1][Prbb][Pexp][Plbb]3[Prbb][Pplu]3[Plsb][Plbb][var2][Prbb][Pplu][Plbb][var3][Prbb][Prsb][Plsb][Plbb][var3][Prbb][Pplu][Plbb][var1][Prbb][Prsb][Plsb][Plbb][var2][Prbb][Pplu][Plbb]y[Prbb][Prsb],[var2]立方加[var3]立方加[var1]立方加3[var2]加[var3]乘以[var3]加[var1]乘以[var2]加[var1]
[Plsb][Plbb][var1][Prbb][Pplu][Plbb][var2][Prbb][Pplu][Plbb][var3][Prbb][Prsb][Pexp]2,[var1]加[var2]加[var3]平
[Plsb][Plbb][var2][Prbb][Pplu][Plbb][var1][Prbb][Pplu][var1][Prsb][Pexp]2,[var2]加[var1]加y括平
[Plbb][var1][Prbb][Pexp][Plbb]4[Prbb][Pplu][Plbb][var1][Prbb][Pexp][Plbb]2[Prbb][Plbb][var1][Prbb][Pexp][Plbb]2[Prbb][Pplu][Plbb][var1][Prbb][Pexp][Plbb]4[Prbb],[var1]4加[var1]2k2加[var1]4
[Plbb][var2][Prbb][Pexp][Plbb]4[Prbb][Pplu][Plbb][var2][Prbb][Pexp][Plbb]2[Prbb][Plbb][var1][Prbb][Pexp][Plbb]2[Prbb][Pplu][Plbb][var1][Prbb][Pexp][Plbb]4[Prbb],[var2]四次方加[var2]平方[var1]平方加[var1]四次方
[Plsb][Plbb][var2][Prbb][Pexp][Plbb]2[Prbb][Pplu]sr[Pplu][Plbb][var1][Prbb][Pexp][Plbb]2[Prbb][Prsb][Plsb][Plbb][var2][Prbb][Pexp][Plbb]2[Prbb][Pmin]sr[Pplu][Plbb][var1][Prbb][Pexp][Plbb]2[Prbb][Prsb],"[var2]平,sr,[var1]平乘以[var2]平減sr加[var1]平"
[Plsb][Plbb][var1][Prbb][Pexp][Plbb]2[Prbb][Pplu]kj[Pplu]j[Pexp][Plbb]2[Prbb][Prsb][Plsb][Plbb][var1][Prbb][Pexp][Plbb]2[Prbb][Pmin]kj[Pplu]j[Pexp][Plbb]2[Prbb][Prsb],"[var1]平加kj加j平,[var1]平減kj加j平"
[Plbb][var1][Prbb][Pexp][Plbb]2[Prbb][Pplu][Plbb][var2][Prbb][Pexp][Plbb]2[Prbb],[var1]平方+[var2]平方
[Plbb][var1][Prbb][Pexp][Plbb]2[Prbb][Pplu]e[Pexp][Plbb]2[Prbb],[var1]平加e平
[Plsb]l[Pplu][Plbb][var1][Prbb][Prsb][Pexp][Plbb]2[Prbb][Pmin]2ls,l加[var1]括平減貳ls
[Plsb]g[Pplu]g[Prsb][Pexp][Plbb]2[Prbb][Pmin]2gg,2gg
f[Pexp][Plbb]2[Prbb][Pplu][Plbb][var1][Prbb][Pexp][Plbb]2[Prbb],f平方加[var1]平方
[Plbb][var2][Prbb][Pexp][Plbb]2[Prbb][Pplu][Plbb][var1][Prbb][Pexp][Plbb]2[Prbb],[var2]平方加[var1]平方
[Plsb]e[Pmin]f[Prsb][Pexp][Plbb]2[Prbb][Pplu]2ef,e減f括平加二ef
[Plsb][Plbb][var1][Prbb][Pmin]v[Prsb][Pexp][Plbb]2[Prbb][Pplu]2rv,括號[var1]減v的平方，加2rv
[Plsb]o[Pplu]e[Pplu]j[Prsb][Pexp][Plbb]3[Prbb],o加e加j括號3次
[Plsb][Plbb][var3][Prbb][Pplu][Plbb][var2][Prbb][Pplu][Plbb][var1][Prbb][Prsb][Pexp][Plbb]3[Prbb],stm加起來三次
v[Pexp][Plbb]3[Prbb][Pplu][Plbb][var1][Prbb][Pexp][Plbb]3[Prbb][Pplu][Plbb][var2][Prbb][Pexp][Plbb]3[Prbb][Pplu]3[Plsb]v[Pplu][Plbb][var1][Prbb][Prsb][Plsb][Plbb][var1][Prbb][Pplu][Plbb][var2][Prbb][Prsb][Plsb]v[Pplu][Plbb]b[Prbb][Prsb],"v三次加[var1]三次加[var2]三加3v加[var1],a加[var2],v加[var2]"
[Plbb][var2][Prbb][Pexp][Plbb]3[Prbb][Pplu]g[Pexp][Plbb]3[Prbb][Pplu][Plbb][var1][Prbb][Pexp][Plbb]3[Prbb][Pplu]3[Plsb][Plbb][var2][Prbb][Pplu]g[Prsb][Plsb]g[Pplu][Plbb][var1][Prbb][Prsb][Plsb][Plbb][var2][Prbb][Pplu][Plbb]y[Prbb][Prsb],skip
[Plsb][Plbb][var1][Prbb][Pplu]o[Pplu]e[Prsb][Pexp]2,[var1]加o加e平方
[Plsb][Plbb][var2][Prbb][Pplu][Plbb][var1][Prbb][Pplu][var1][Prsb][Pexp]2,[var2]加[var1]加y平方
,skip
[Pbeg]sinA[Peql][Pbeg]frac[Plbb][Plbb][var1][Prbb][Prbb][Plbb][Plbb][var2][Prbb][Prbb],SinA等於[var2]分之[var1]
[Pbeg]cosA[Peql][Pbeg]frac[Plbb][Plbb][var1][Prbb][Prbb][Plbb][Plbb][var2][Prbb][Prbb],cosA等於[var2]分之[var1]
[Pbeg]tanA[Peql][Pbeg]frac[Plbb][Plbb][var1][Prbb][Prbb][Plbb][Plbb][var2][Prbb][Prbb],tana等於[var2]分之[var1]
[Plbb][var3][Prbb][Pexp]2[Peql][Plbb][var1][Prbb][Pexp]2[Pplu][Plbb][var2][Prbb][Pexp]2[Pmin]2[var1]b[Pbeg]cosC,[var3]平等於[var1]平加[var2]平減貳abcosc
[Pbeg]cos[Pexp]2A[Pmin][Pbeg]sin[Pexp]2A,cosa平減sina平
2[Pbeg]cos[Pexp]2A[Pmin]1,2cosa減1
1[Pmin]2[Pbeg]sin[Pexp]2A,1減2sin平方A
[Pbeg]pm[Pbeg][Pcom][Pbeg]sqrt[Plbb][Pbeg]frac[Plbb]1[Pmin][Pbeg]cosA[Prbb][Plbb]2[Prbb][Prbb],正負根號1減cosA除以2
[Pbeg]pm[Pbeg][Pcom][Pbeg]sqrt[Plbb][Pbeg]frac[Plbb]1[Pplu][Pbeg]cosA[Prbb][Plbb]2[Prbb][Prbb],正負根號一加cosa除以2
[Pbeg]sqrt[Plbb][Plbb][var1][Prbb][Pexp]3[Pplu]1[Prbb],根號[var1]三方加一
[Pbeg]sqrt[Plbb]3[Prbb][Plbb][Pbeg]sqrt[Plbb][Plbb][var1][Prbb][Pexp]4[Pplu]6[Prbb][Prbb],根號3乘以根號[var1]的四次方加六
[Pbeg]sqrt[Plbb][Plbb][var1][Prbb][Pplu][var1][Pexp]5[Pplu]3[Prbb],根號[var1]加x五加三
[Pbeg]sqrt[Plbb]4[Prbb][Plbb][Plbb][var1][Prbb][Pexp]3[Plbb][var2][Prbb][Pexp]2[Pplu][Plbb][var1][Prbb][Pexp]2[Prbb],根號四[var1]三[var2]平加[var1]平
[Pbeg]sqrt[Plbb]3[Prbb][Plbb][Plbb][var1][Prbb][Pexp]2[Plbb][var2][Prbb][Pexp]4[Plbb][var3][Prbb][Pexp]6[Prbb],根號三[var1]平[var2]四次方[var3]六次方
[Pbeg]sqrt[Plbb][Plbb][var1][Prbb][Pexp]3[Pplu][Plbb][var2][Prbb][Pexp]3[Pplu][Plbb][var3][Prbb][Pexp]3[Prbb],根號[var1]三加[var2]三加[var3]三
[Pbeg]sqrt[Plbb][Plsb][Plbb][var1][Prbb][Pplu][Plbb][var2][Prbb][Pplu][Plbb][var3][Prbb][Prsb][Pexp][Plbb]3[Prbb][Prbb],根號[var1]加[var2]加[var3]立方
[Pbeg]sqrt[Plbb]3[Prbb][Plbb][Pbeg]sin[Plsb][Pbeg]frac[Plbb][Pbeg]pi[Prbb][Plbb]3[Prbb][Prsb][Prbb],根號三sin三分之pi
[Pbeg]sqrt[Plbb]ax[Pexp][Plbb]2[Prbb][Pplu]bx[Pplu][Plbb][var1][Prbb][Prbb],根號ax平方加bx加[var1]
[Pbeg]sqrt[Plbb]3[Prbb][Plbb][Plbb][var1][Prbb][Pexp][Plbb]2[Prbb][Pplu][Plbb][var2][Prbb][Prbb],"根號三,[var1]平方加[var2]"
[Pbeg]sqrt[Plbb]5[Prbb][Plbb][Plbb][var1][Prbb][Psub]1[Pplu][Plbb][var1][Prbb][Psub]2[Pplu][Plbb][var1][Prbb][Psub]3[Prbb],根號五xone加xtwo加[var1]三
[Pbeg]sin[Plbb][Plbb][var1][Prbb][Prbb][Pplu][Plbb][var2][Prbb],sinx加[var1]
[Pbeg]cos[Plbb][Plbb][var1][Prbb][Prbb][Pplu][Plbb][var2][Prbb],cosx加[var1]
[Pbeg]sin[Plbb][Plbb][var1][Prbb][Prbb][Pplu][Plbb][var2][Prbb],sina加[var1]
[Pbeg]cos[Plbb][Plbb][var1][Prbb][Prbb][Pplu][Plbb][var2][Prbb],cosb加[var1]
[Pbeg]sin[Pexp]3[Plbb][Plbb][var1][Prbb][Prbb][Pplu]cos[Pexp]2[Plbb][Plbb][var2][Prbb][Prbb],sin三立[var1]加cos平[var2]
[Plbb][var1][Prbb][Pbeg]rightarrow[Pbeg]infty,[var1]趨近無限大
[Plbb][var1][Prbb][Pbeg]rightarrow1,[var1]趨近於1
[Plbb][var1][Prbb][Pbeg]rightarrow0,[var1]趨近於0
[Plbb][var1][Prbb][Pbeg]rightarrow100,[var1]趨近一百
[Plbb][var1][Prbb][Pbeg]rightarrow[Pmin]1,[var1]趨近負一
[Plbb][var1][Prbb][Pbeg]rightarrow[Pmin][Pbeg]infty,光速趨近於負無限
[Plbb][var1][Prbb][Pbeg]rightarrow23,[var1]趨近於二十三
[Plbb][var1][Prbb][Pbeg]rightarrow[Pbeg]infty,[var1]箭頭無限
[Plbb][var1][Prbb][Pbeg]rightarrow[Pmin]7,[var1]趨近於負七
[Plbb][var1][Prbb][Pbeg]rightarrow[Pmin][Pbeg]infty,[var1]趨近於負無限大
orz,orz
[Pbeg]forall[Plbb][var1][Prbb][Peql]0,任何[var1]等於0
[Pbeg]forall[Plbb][var1][Prbb][Pbgr]0,所有[var1]大於0
[Pbeg]forall[Plbb][var1][Prbb][Pbeg]leq1,所有[var1]小於等於1
[Pbeg]forall[Plbb][var1][Prbb][Peql]1,所有[var1]等於1
[Pbeg]forallxy[Pbeg]geq0,對於每一組xy都會大於0
6[Pbeg]div2[Peql]3,6除以2等於3
120[Pbeg]div5[Peql]24,120除以5等於24
33[Pbeg]div11[Peql]3,33除以11等於3
41[Pbeg]div18467[Peql]6334,41除以18467等於6334
26500[Pbeg]div19169[Peql]15724,26500除以19169等於15724
11478[Pbeg]div29358[Peql]26962,11478除以29358等於26962
24464[Pbeg]div5705[Peql]28145,24464除以5705等於28145
23281[Pbeg]div16827[Peql]9961,23281除以16827等於9961
491[Pbeg]div2995[Peql]11942,491除以2995等於11942
4827[Pbeg]div5436[Peql]32391,4827除以5436等於32391
14604[Pbeg]div3902[Peql]153,14605除以3902等於153
292[Pbeg]div12382[Peql]17421,292除以12382等於17421
18716[Pbeg]div19718[Peql]19895,18716除以19718等於19895
5447[Pbeg]div21726[Peql]14771,5447除以21726等於14771
11538[Pbeg]div1869[Peql]19912,11538除以1869等於11912
25667[Pbeg]div26299[Peql]17035,25667除以26299等於17035
9894[Pbeg]div28703[Peql]23811,9894除以28703等於23811
31322[Pbeg]div30333[Peql]17673,31322除以30333等於17673
4664[Pbeg]div15141[Peql]7711,4664除以15141等於7711
[Plbb][var1][Prbb][Pbeg]divh[Peql][Plbb][var2][Prbb],[var1]除以h等於[var2]
g[Pbeg]divh[Peql]u,g除以h等於u
[Plbb][var1][Prbb][Pbeg]dive[Peql][Plbb][var2][Prbb],[var1]/e=[var2]
[Plbb][var2][Prbb][Pbeg]divl[Peql][Plbb][var1][Prbb],[var2]除以l等於[var1]
N[Pbeg]div[Plbb][var1][Prbb][Peql]D,N除以[var1]等於D
U[Pbeg]div[Plbb][var1][Prbb][Peql]W,U除以[var1]等於W
F[Pbeg]div[Plbb][var1][Prbb][Peql]F,F除以[var1]等於F
O[Pbeg]div[Plbb][var1][Prbb][Peql]V,O除以[var1]等於V
S[Pbeg]div[Plbb][var1][Prbb][Peql]T,:skip
[Plbb][var1][Prbb][Pbeg]div[Plbb][var2][Prbb][Peql]F,[var1]除以[var2]等於F
[Plbb][var1][Prbb][Pbeg]div[Plbb][var2][Prbb][Peql]D,[var1]除以[var2]等於D
u[Pbeg]div[Plbb][var1][Prbb][Peql]W,u除以[var1]等於W
f[Pbeg]div[Plbb][var1][Prbb][Peql]F,f除以[var1]等於F
30[Pplu]6[Pplu]11[Peql]36[Pplu]11,30加6加11等於36加11
[Plsb]5[Pmin]5[Prsb][Pbeg]div5[Peql]0,（5減5）除以5等於0
6[Pbeg]times6[Pplu]25[Pbeg]div5[Peql]36[Pplu]5,6乘6加25除以5等於36加5
30[Pbeg]div5[Pbeg]times2[Peql]12,30除以5乘2等於12
1[Pplu]1[Peql]2,1加1等於2
2[Pplu]3[Peql]5,2加3等於5
5[Pplu]4[Pplu]2[Peql]11,5加4加2等於11
3[Pplu]3[Pplu]3[Pplu]3[Peql]12,3加3加3加3等於12
3[Plbb]1[Pbeg]over2[Prbb][Peql]3[Pplu][Plbb]1[Pbeg]over2[Prbb],3又二分之一等於3加二分之一
[Pbeg]sum[Psub][Plbb][Plbb][var1][Prbb][Peql]1[Prbb][Pexp][Plbb]5[Prbb][Plbb][var1][Prbb][Pexp][Plbb]2[Prbb],[var1]平方從1加到5
[Plbb][var1][Prbb][Peql][Plbb][var3][Prbb][Pbeg]times10[Pexp][Plbb][Plbb][var2][Prbb][Prbb],[var1]等於[var3]乘以10的[var2]次方
2.34[Pbeg]times10[Pexp][Plbb][Pmin]5[Prbb],2.34乘10的負5次方
5.67	imes10[Pexp][Plbb][Pmin]6[Prbb],skip
[Pbeg]frac[Plbb][Plbb][var1][Prbb][Prbb][Plbb][Plbb][var2][Prbb][Prbb][Pplu][Pbeg]frac[Plbb][Plbb][var3][Prbb][Prbb][Plbb][Plbb][var4][Prbb][Prbb],[var2]分之[var1]加[var4]分之[var3]
ad[Pplu]bc[Pbeg]overbd,ad加bc，整個除以bd
[Plbb][Plbb][var1][Prbb][Pplu][Plbb][var2][Prbb][Pbeg]over[Plbb][var3][Prbb][Prbb][Peql][Plbb][Pbeg]frac[Plbb][Plbb][var1][Prbb][Prbb][Plbb][Plbb][var3][Prbb][Prbb][Prbb][Pplu][Plbb][Pbeg]frac[Plbb][Plbb][var2][Prbb][Prbb][Plbb][Plbb][var3][Prbb][Prbb][Prbb],[var1]加[var2]整個除以[var3]等於[var1]除以[var3]再加上[var2]除以[var3]
[Plbb][Plbb]5[Prbb][Pmin][Plbb]3[Prbb][Prbb][Peql]2,5減3等於2
6[Pmin]3[Peql]3,六減三等於三
[Plbb][Plbb][var2][Prbb][Pplu][var2][Pplu][Plbb][var2][Prbb][Pplu][Pbeg]cdots[Pplu][Plbb][var2][Prbb][Prbb][Psub][Plbb][Plbb][var1][Prbb][Prbb][Peql][Plbb]a[Prbb][Pbeg]times[Plbb]n[Prbb],skip
5[Pbeg]times2,5乘以2
5[Pbeg]cdot2,5乘以2
mn[Peql][Pbeg]sum[Psub][Plbb][Plbb][var3][Prbb][Peql]1[Prbb][Pexp][Plbb][Plbb][var2][Prbb][Prbb][Plbb][var1][Prbb],mn等於[var1]加[var2]次
[Plbb]20[Prbb][Pbeg]div[Plbb]4[Prbb][Peql]5,20除以4等於5
[Plbb]20[Prbb][Pbeg]div[Plbb]5[Prbb][Peql]4,20除以5等於4
[Plbb]6[Prbb][Pbeg]div[Plbb]3[Prbb][Peql]2,6除以3=2
[Plbb][var1][Prbb][Pbeg]times[Plbb][var2][Prbb][Peql][Plbb][var3][Prbb],[var1]乘[var2]等於[var3]
[Plbb][var1][Prbb][Peql][Plbb][var3][Prbb][Pbeg]div[Plbb][var2][Prbb],[var1]等於[var3]除以[var2]
[Plbb][var1][Prbb][Pbeg]times[Plbb][var2][Prbb],[var1]乘[var2]
[Plbb][var3][Prbb][Pbeg]div[Plbb][var2][Prbb][Peql][Plbb][var1][Prbb][Pbeg]dots[Plbb][var4][Prbb],[var3]除以[var2]等於[var1]餘[var4]
[Plbb][var3][Prbb][Peql][Plbb][var1][Prbb][Pbeg]times[Plbb][var2][Prbb][Pplu][Plbb][var4][Prbb],[var3]等於[var1]乘以[var2]加[var4]
[Plbb][var3][Prbb][Peql][Plbb][var1][Prbb][Pbeg]times[Plsb][Plbb][var2][Prbb][Pplu][Plbb][var4][Prbb][Prsb],[var3]等於[var1]乘以[var2]加[var4]
[Plbb][var2][Prbb][Pbeg]mid[Plbb][var1][Prbb],[var2]整除[var1]
5[Pbeg]mid15,5整除15
6[Pbeg]nmid20,6不整除20
1260257[Pbeg]div[Plbb]37[Prbb][Peql]34061,1260257除以37等於34061
X[Pexp][Plbb]3[Prbb][Pmin]12X[Pexp][Plbb]2[Prbb][Pmin]42,X三次方減12X平方減42
X[Pexp][Plbb]2[Prbb][Pmin]9X[Pmin]27[Peql][Pmin]123,X平方減9X減27等於-123
i[Peql][Plbb]sqrt[Plbb][Pmin]1[Prbb][Prbb],skip
i[Pexp]2[Peql][Pmin]1,i平方等於負一
[Plbb][var1][Prbb][Plbb][Pbeg]frac[Plbb][Plbb][var2][Prbb][Prbb][Plbb][Plbb][var3][Prbb][Prbb][Prbb],[var1]又[var3]分之[var2]
[Pbeg]frac[Plbb]3[Prbb][Plbb]6[Prbb][Peql][Pbeg]frac[Plbb]1[Prbb][Plbb]2[Prbb],六分之三等於二分之一
[Pbeg]frac[Plbb]1[Prbb][Plbb]2[Prbb][Peql][Pbeg]frac[Plbb]2[Prbb][Plbb]4[Prbb],二分之一等於四分之二
[Pbeg]frac[Plbb][Plbb][var1][Prbb][Prbb][Plbb][Plbb][var2][Prbb][Prbb][Peql][Plbb][var1][Prbb][Pcol][Plbb]b[Prbb],[var1]除以[var2]等於[var1]比[var2]
[Pbeg]frac[Plbb][Plbb][var1][Prbb][Prbb][Plbb][Plbb][var2][Prbb][Prbb][Pbeg]equiv[Plbb][var1][Prbb][Pbeg]div[Plbb]b[Prbb],[var2]分之[var1]等於[var1]除以[var2]
[Plbb][var1][Prbb][Pbeg]in[Pbeg]mathbb[Plbb]Z[Prbb],[var1]屬於Z
K[Pbeg]in[Pbeg]mathbb[Plbb]A[Prbb],[var1]屬於A
[Plbb][var1][Prbb][Pbeg]in[Pbeg]mathbb[Plbb]S[Prbb],[var1]屬於S
[Plbb][var1][Prbb][Pbeg]not[Peql][Plbb][var2][Prbb],[var1]不等於[var2]
[Plbb][var1][Prbb][Pplu][Plbb][var2][Prbb][Pbeg]not[Peql][Plbb][var2][Prbb][Pplu][Plbb][var3][Prbb],[var1]加[var2]不等於[var2]加[var3]
[Plbb][var1][Prbb][Pexp]2[Pplu]3[Plbb][var1][Prbb][Pplu]2[Pbeg]not[Peql]0,[var1]平方加3[var1]加2不等於0
[Plbb][var1][Prbb][Pexp]3[Plbb][var2][Prbb][Pplu][Plbb][var2][Prbb][Pexp]2[Pbeg]not[Peql][Pmin]1,[var1]的三次[var2]加上[var2]平方不等於負1
[Plbb][var1][Prbb][Pexp]3[Pplu]bc[Pbeg]not[Peql][Plbb][var2][Prbb][Pexp]2,[var1]的三次方加bc不等於[var2]平方
[Plbb][var1][Prbb][Pexp]3[Pplu]1[Pbeg]not[Peql]0,[var1]的三次方加1不等於0
h[Pexp][Plbb][var1][Prbb][Pplu][Plbb][var2][Prbb][Pbeg]not[Peql][Plbb][var3][Prbb],kill
[Plbb][var5][Prbb][Pplu][Plbb][var6][Prbb][Pplu][Plbb][var4][Prbb][Pplu][Plbb][var1][Prbb][Pbeg]not[Peql][Plbb][var2][Prbb][Pexp][Plbb][var3][Prbb],[var5]加[var6]加[var4]加[var1]不等於[var2]的[var3]次方
[Plbb][var1][Prbb][Pexp][Plbb][var2][Prbb][Pbeg]not[Peql][Pbeg]frac[Plbb][Plbb][var1][Prbb][Prbb][Plbb][Plbb][var1][Prbb][Pplu][Plbb][var2][Prbb][Prbb],[var1]的[var2]次方等於[var1]加[var2]分之[var1]
[Pbeg]frac[Plbb]1[Prbb][Plbb][Plbb][var1][Prbb][Prbb][Pbeg]not[Peql][Pbeg]frac[Plbb]1[Prbb][Plbb][Plbb][var1][Prbb][Pexp]2[Prbb],:skip
[Plbb][var1][Prbb][Pbeg]times[Plbb][var2][Prbb][Pbeg]not[Peql][Plbb][var3][Prbb],[var1]乘[var2]不等於[var3]
[Plbb][var1][Prbb][Pbeg]not[Peql][Plbb][var3][Prbb][Pbeg]div[Plbb][var2][Prbb],[var1]不等於[var3]除以[var2]
[Plbb][var1][Prbb][Ples][Plbb][var2][Prbb],[var1]小於[var2]
[Plbb][var1][Prbb][Pbeg]leq[Plbb][var2][Prbb],[var1]小於等於[var2]
[Plbb][var2][Prbb][Pbeg]nleq[Plbb][var1][Prbb][Peql][Plbb][var2][Prbb][Pbgr][Plbb]x[Prbb],[var2]不小於等於[var1]等於[var2]大於[var1]
